sku,quantity,site_code,date
BELT-032,13,USA004,2025-01-01
TSHIRT-352,15,UK001,"January 01, 2025"
LEGGING-157,4,GEr000,"January 01, 2025"
VEST-086,11,USA003,01-01-2025
COVERUP-380,6,FRa002,01/01/2025
MAXI-421,9,USA002,01/01/2025
SWIM-306,12,UK004,
CAPRI-097,2,AUS001,"January 01, 2025"
DRESS-105,4,UK001,2025-01-01
LEGGING-357,8,BRA002,01/01/2025
TANKINI-322,6,USA001,01/01/2025
ONEPIECE-338,2,MEX004,01/01/2025
SHORTS-211,5,uK004,01-01-2025
RAINCOAT-336,4,GER000,01-01-2025
CAPRI-327,6,UK004,01-01-2025
JEANS-253,12,UK001,01-01-2025
JEGGING-393,7,FRA000,2025-01-01
BIKINI-264,-13,aUS004,"January 01, 2025"
COAT-412,15,JAP002,01-01-2025
HEELS-198,6,MEX002,2025-01-01
TSHIRT-152,9,USA001,01/01/2025
BELT-383,13,cAn002,01-01-2025
SHORTS-411,13,UK003,01/01/2025
POLO-326,9,FRA004,"January 01, 2025"
CAPRI-097,12,FRA001,2025-01-01
BLAZER-078,-14,AUS000,01-01-2025
SCARF-409,15,UK001,01-01-2025
SUNGLASS-299,-14,FRA004,2025-01-01
HEELS-348,7,CAN002,2025-01-01
CAPRI-377,5,FRA001,01/01/2025
LEGGING-207,1,FRA003,2025-01-01
DRESS-405,3,USA002,01-01-2025
DRESS-054,4,BRA003,2025-01-01
SWIM-088,12,inD004,01/01/2025
BELT-333,10,CAN000,01-01-2025
CAPRI-177,3,Jap001,2025-01-01
HENLEY-033,14,BRA004,2025-01-01
GOWN-213,,FRA002,01/01/2025
SHORTS-161,12,,01/01/2025
JEANS-052,7,UK001,"January 01, 2025"
SHIFT-279,5,JAP001,01-01-2025
ONEPIECE-388,3,BRA004,01-01-2025
COAT-212,15,BRA003,01-01-2025
SCARF-159,14,IND004,"January 01, 2025"
JACKET-154,7,UK002,2025-01-01
OXFORD-098,10,UK003,
VEST-086,8,CAN001,2025-01-01
GOWN-413,5,UK002,01/01/2025
TSHIRT-202,6,JAp000,"January 01, 2025"
BEANIE-066,-14,UK004,01/01/2025
TANKINI-422,4,JAP004,"January 01, 2025"
JEANS-052,6,MEX000,01-01-2025
TRENCH-328,11,IND004,2025-01-01
SHORTS-030,2,UK000,2025-01-01
JACKET-003,14,FRA004,01-01-2025
SWIM-256,9,AUS000,2025-01-01
JACKET-254,8,UK002,01-01-2025
BLOUSE-110,1,USA002,"January 01, 2025"
HEELS-148,10,uSA003,01/01/2025
DRESS-305,6,CAN000,"January 01, 2025"
,-8,ger001,"January 01, 2025"
JACKET-304,1,USA004,01-01-2025
EARRING-075,-4,CAN001,01/01/2025
TSHIRT-051,10,FRA001,01-01-2025
SANDAL-274,-15,JAP003,01/01/2025
SOCKS-341,3,IND002,01-01-2025
SOCKS-141,15,BRA001,"January 01, 2025"
SCARF-259,6,UK004,"January 01, 2025"
SWIM-206,10,,01-01-2025
TSHIRT-402,10,JAP004,01-01-2025
TANKTOP-046,13,BRA002,01-01-2025
LOAFER-031,8,UK000,"January 01, 2025"
JACKET-354,11,CAN000,2025-01-01
JACKET-254,14,FRA001,01/01/2025
CAPRI-377,9,GER001,01-01-2025
TRACK-315,-4,UK004,"January 01, 2025"
POLO-126,,USA002,01/01/2025
CAPRI-227,6,USA003,01-01-2025
GLOVES-325,-13,,2025-01-01
HOODIE-389,15,FRA000,01/01/2025
TIE-099,6,BRA000,"January 01, 2025"
SWIM-306,13,UK000,01-01-2025
,3,UK002,01-01-2025
BOOT-266,9,USA002,01-01-2025
SWIM-356,9,MEx001,01-01-2025
TRACK-014,10,AUS004,01/01/2025
VNECK-250,7,FRA000,"January 01, 2025"
RAINCOAT-236,4,USA003,01-01-2025
,5,JAP001,01/01/2025
A-LINE-044,13,USA003,2025-01-01
TANKINI-222,9,JaP004,"January 01, 2025"
SHIFT-329,14,JAP000,01/01/2025
SUNGLASS-199,2,Can002,01/01/2025
BLOUSE-218,9,IND000,01-01-2025
HOODIE-439,6,gEr002,"January 01, 2025"
POLO-176,4,MEX004,01-01-2025
TANKINI-222,12,IND002,2025-01-01
DRESS-155,9,BRA000,01/01/2025
HOODIE-339,2,USA001,2025-01-01
TROUSER-451,1,USA002,2025-01-01
SHIFT-279,8,Ger000,"January 01, 2025"
BOOT-366,8,GER004,01/01/2025
SCARF-209,5,FRA002,2025-01-01
SLIPON-132,15,BRA002,"January 01, 2025"
SKIRT-269,7,UK003,01-01-2025
JEANS-002,5,GER000,2025-01-01
SWIM-356,4,INd002,2025-01-01
SHIFT-028,6,BRA002,01/01/2025
HOODIE-289,15,MEX001,"January 01, 2025"
JEANS-077,4,USA000,"January 01, 2025"
SWIM-080,10,USA000,01/01/2025
HEEL-082,7,AUS000,01-01-2025
CAPRI-327,-14,BRA004,01-01-2025
SUNGLASS-449,11,usA003,"January 01, 2025"
HENLEY-434,9,JAP004,01/01/2025
RAINCOAT-386,3,brA004,01-01-2025
BLOUSE-318,14,USA003,01/01/2025
PARKA-394,3,BRA003,01-01-2025
SLIPON-440,10,MEX004,"January 01, 2025"
HOODIE-389,1,,01-01-2025
TROUSER-401,12,USA000,01/01/2025
BOOT-015,10,uSa004,2025-01-01
DRESS-087,9,AUS004,2025-01-01
SUNDRESS-062,-13,GER004,"January 01, 2025"
HAT-167,15,USA004,01/01/2025
TRENCH-128,1,USA003,01-01-2025
TRENCH-278,14,JAP002,2025-01-01
BIKINI-264,4,BRA002,01/01/2025
MAXI-121,11,USA000,01-01-2025
PARKA-043,2,IND001,01/01/2025
A-LINE-295,1,BRA003,01/01/2025
DRESS-113,7,Jap001,2025-01-01
ONEPIECE-238,12,USA001,01/01/2025
HEELS-348,12,USA000,01-01-2025
GLOVES-225,4,JAp002,2025-01-01
SHORTS-281,2,UK001,01/01/2025
,3,bRa004,01-01-2025
COAT-112,15,JAP000,2025-01-01
,10,Uk000,01-01-2025
BOOT-316,12,FRA001,01-01-2025
SNEAKER-007,12,mEX004,01-01-2025
SHORTS-093,15,GER003,
HENLEY-184,5,USA004,01-01-2025
CAPRI-427,5,USA000,"January 01, 2025"
TANKTOP-247,10,uSa004,2025-01-01
POLO-176,1,aus001,01-01-2025
VNECK-250,2,MEX004,01-01-2025
SWIM-005,2,MEX001,2025-01-01
TROUSER-201,7,MEX003,01/01/2025
,6,UK004,01/01/2025
BELT-183,2,GER003,"January 01, 2025"
A-LINE-195,7,FRA004,"January 01, 2025"
PUFFER-120,9,GER002,
HAT-417,15,JAP000,01/01/2025
COAT-362,15,UK004,2025-01-01
LEGGING-157,-7,MEX001,2025-01-01
SKORT-060,15,USA000,
TANKTOP-347,7,,01/01/2025
SUNGLASS-349,11,JAP001,
SNEAKER-007,11,BRA003,01-01-2025
LOAFER-332,6,Aus001,"January 01, 2025"
YOGA-173,15,IND002,01/01/2025
YOGA-223,4,uK001,01/01/2025
HEEL-082,12,USA002,01/01/2025
SLIPON-240,-14,BRA002,01-01-2025
HENLEY-334,8,USA003,"January 01, 2025"
,10,CAN002,"January 01, 2025"
GLOVES-375,3,jaP001,2025-01-01
SCARF-008,-4,MEX003,01-01-2025
TANKTOP-147,10,USA002,01/01/2025
TRENCH-178,4,USA002,01-01-2025
SNEAKER-258,3,CAN001,01/01/2025
PANTS-068,,BrA000,"January 01, 2025"
TRENCH-069,15,UK003,
SANDAL-116,9,AUS002,"January 01, 2025"
BLOUSE-168,10,CAN000,"January 01, 2025"
TRACK-415,2,CAN003,01-01-2025
JACKET-061,4,UK001,01-01-2025
EARRING-109,10,GER000,01/01/2025
TRACK-365,9,USa004,"January 01, 2025"
DRESS-004,7,MEX004,2025-01-01
BLOUSE-218,12,BRA004,"January 01, 2025"
TROUSER-301,-13,AUS000,2025-01-01
SANDAL-116,-10,AUS002,01/01/2025
TUNIC-442,,UK004,2025-01-01
SCARF-359,11,MEX001,2025-01-01
PUFFER-420,14,MeX000,01-01-2025
RAINCOAT-336,9,USA000,01-01-2025
JACKET-154,-8,GER003,01/01/2025
TANKINI-172,1,Ger004,01/01/2025
SCARF-409,3,CAn001,"January 01, 2025"
HAT-417,1,bRa004,01-01-2025
SHORTS-211,-13,GeR004,"January 01, 2025"
TRENCH-278,5,IND004,01/01/2025
SNEAKER-090,7,AUS001,
HAT-317,8,GER003,2025-01-01
PARKA-444,10,MEX000,2025-01-01
PUFFER-170,8,GER000,01-01-2025
YOGA-423,14,iNd000,01/01/2025
BELT-133,-4,AUS000,01/01/2025
BIKINI-013,1,ind004,"January 01, 2025"
TSHIRT-202,1,IND001,01-01-2025
YOGA-223,10,USA002,01-01-2025
SUNGLASS-149,7,UK000,01/01/2025
MAXI-121,11,GER003,01-01-2025
SHORTS-381,3,USA001,01-01-2025
SUNDRESS-062,13,UK000,01-01-2025
SHORTS-231,5,JaP001,01-01-2025
,1,UK004,01/01/2025
TANKTOP-447,-5,geR004,01/01/2025
POLO-226,13,USA002,01-01-2025
SOCKS-341,8,USA001,01-01-2025
SUNGLASS-149,14,CAN004,"January 01, 2025"
SKIRT-219,14,GEr004,01/01/2025
SUNGLASS-449,3,JAP002,2025-01-01
SUNGLASS-048,3,JAP000,01/01/2025
TSHIRT-051,6,cAn004,"January 01, 2025"
BELT-283,7,JAP004,"January 01, 2025"
SHIRT-084,7,Fra000,01/01/2025
TROUSER-351,8,UK004,01-01-2025
TSHIRT-202,11,FRA002,01/01/2025
TSHIRT-202,12,MEX001,01-01-2025
SWIM-356,-12,USA004,2025-01-01
TRENCH-378,1,FRA004,01-01-2025
A-LINE-395,-8,AUS000,01/01/2025
ONEPIECE-188,-4,IND000,"January 01, 2025"
POLO-326,12,CAN000,2025-01-01
SWIM-106,3,GER003,2025-01-01
SHORTS-010,13,AUS001,01-01-2025
CAPRI-026,-15,CAN000,01-01-2025
SHIFT-129,,FRA000,"January 01, 2025"
SCARF-359,-14,USA001,01-01-2025
JEANS-253,7,usA001,01-01-2025
HEELS-198,-1,UK004,"January 01, 2025"
RAINCOAT-336,13,uSa001,2025-01-01
SWIM-055,10,IND000,2025-01-01
LEGGING-407,11,uSA000,2025-01-01
SHORTS-311,4,GER001,01-01-2025
GLOVES-175,14,Mex002,01-01-2025
RAINCOAT-436,12,USA004,"January 01, 2025"
JACKET-304,2,USA004,01/01/2025
TIE-099,12,BRA002,01-01-2025
,2,MEX001,"January 01, 2025"
SNEAKER-007,2,UK003,01/01/2025
ONEPIECE-188,4,MEX004,01-01-2025
JEGGING-393,-15,UK002,01/01/2025
TRACK-415,1,bRa004,2025-01-01
SKIRT-319,14,CAN002,"January 01, 2025"
VEST-086,12,FRa000,"January 01, 2025"
COAT-362,14,USA002,2025-01-01
TRACK-115,1,,01-01-2025
PUFFER-270,6,IND002,"January 01, 2025"
SHIRT-118,14,CAN000,01/01/2025
SWEATER-100,2,CAN001,"January 01, 2025"
A-LINE-044,-12,Uk000,2025-01-01
SHORTS-010,15,AUS001,01-01-2025
POLO-226,12,AUS003,2025-01-01
TUNIC-041,8,FRA004,2025-01-01
SOCKS-341,8,GER002,01-01-2025
TRENCH-069,1,JAP004,2025-01-01
SUNGLASS-449,15,BRA000,01-01-2025
TRACK-215,15,BRA000,2025-01-01
JEGGING-193,-9,UK001,
JEGGING-143,15,IND000,2025-01-01
SHORTS-093,-3,mEX003,01/01/2025
TRENCH-378,10,ger003,01/01/2025
HENLEY-134,9,UK000,"January 01, 2025"
TSHIRT-352,10,,01/01/2025
PARKA-344,-2,MEX000,01/01/2025
COAT-053,9,GER004,"January 01, 2025"
SHORTS-381,6,UK002,"January 01, 2025"
BLOUSE-017,1,geR002,2025-01-01
JEGGING-443,13,JAP002,01-01-2025
SHORTS-281,11,USA002,2025-01-01
GOWN-163,13,UK002,01-01-2025
,3,BRA000,"January 01, 2025"
COAT-312,1,USA001,2025-01-01
DRESS-113,1,MEX003,01/01/2025
SHORTS-131,10,UK001,01/01/2025
SUNGLASS-299,15,JAP001,"January 01, 2025"
SHORTS-211,6,CAN001,2025-01-01
BOOT-166,9,FRA000,01/01/2025
TROUSER-151,5,BRA001,01/01/2025
SWIM-206,10,UsA004,"January 01, 2025"
TANKTOP-147,12,UK001,
ONEPIECE-138,10,IND002,01-01-2025
RAINCOAT-336,8,usa000,2025-01-01
JACKET-254,3,CaN000,01-01-2025
GLOVES-375,10,USA002,01-01-2025
PUFFER-120,13,AUS003,"January 01, 2025"
SKIRT-269,12,JAP003,2025-01-01
TSHIRT-202,14,IND002,01/01/2025
BIKINI-214,8,CaN001,"January 01, 2025"
HOODIE-139,14,AUS003,2025-01-01
SUIT-071,3,UK000,"January 01, 2025"
SNEAKER-140,10,USA002,"January 01, 2025"
TRENCH-128,4,jAP000,"January 01, 2025"
TRACK-115,13,MEX004,"January 01, 2025"
SWIM-206,5,,01/01/2025
SHORTS-331,3,AUS003,01-01-2025
SHORTS-361,13,IND000,"January 01, 2025"
TROUSER-351,9,UK004,"January 01, 2025"
PUFFER-170,11,aUs003,01-01-2025
CAPRI-377,3,CAN002,01-01-2025
SCARF-159,9,gER000,01/01/2025
GOWN-413,13,,2025-01-01
PANTS-068,13,USA003,01/01/2025
,10,GER002,01-01-2025
CAPRI-026,11,IND001,"January 01, 2025"
CAPRI-097,8,GER004,
LEGGING-307,8,USA000,2025-01-01
BIKINI-013,15,UK001,01/01/2025
TROUSER-301,2,MEX001,01/01/2025
SOCKS-341,12,AuS002,"January 01, 2025"
,2,UK003,01-01-2025
SANDAL-023,7,ind003,01-01-2025
HEELS-198,5,AUS001,01-01-2025
SHORTS-361,6,USA002,2025-01-01
TRENCH-328,8,MEX004,"January 01, 2025"
SANDAL-324,4,fRA000,2025-01-01
LOAFER-382,6,MEX004,2025-01-01
MAXI-321,7,BRA002,01-01-2025
HEELS-398,1,GER002,01-01-2025
CULOTTE-034,12,gEr004,01-01-2025
DRESS-105,-3,AUS002,01-01-2025
GOWN-213,2,USA002,01/01/2025
GOWN-363,15,IND003,2025-01-01
BELT-233,1,IND000,01-01-2025
A-LINE-345,12,GER000,2025-01-01
TROUSER-151,3,aUs004,"January 01, 2025"
SNEAKER-358,2,IND004,"January 01, 2025"
SHORTS-411,3,UK003,01/01/2025
SHIRT-410,1,JAP001,01-01-2025
DRESS-087,12,AUS003,2025-01-01
CAPRI-427,9,UK000,2025-01-01
COAT-112,7,UK000,2025-01-01
TRACK-365,11,USA004,01-01-2025
JEANS-203,11,JaP004,01/01/2025
TANKINI-222,15,IND004,2025-01-01
A-LINE-044,9,UK000,2025-01-01
BELT-283,3,AUS003,01/01/2025
HEELS-198,2,Uk001,"January 01, 2025"
HAT-417,6,IND002,"January 01, 2025"
SKIRT-103,14,GER004,2025-01-01
A-LINE-295,9,USA002,"January 01, 2025"
SHORTS-161,9,CAN003,01-01-2025
TROUSER-451,13,MEX004,01-01-2025
TRENCH-428,14,UK002,01-01-2025
TSHIRT-202,4,MEX003,01-01-2025
SHORTS-361,11,UK004,"January 01, 2025"
SHORTS-111,-15,MEX001,
YOGA-273,5,UK004,
TSHIRT-352,2,CAN000,
LEGGING-257,8,AUS002,"January 01, 2025"
LOAFER-232,6,JAP002,01-01-2025
JEANS-253,4,uSA002,01/01/2025
HOODIE-189,6,MEx000,01/01/2025
CAPRI-127,-15,BRA000,2025-01-01
CULOTTE-435,-8,AUS004,01-01-2025
WRAP-337,10,AuS002,2025-01-01
HOODIE-439,1,USA004,01/01/2025
YOGA-123,3,MEX004,01/01/2025
POLO-276,2,CAN003,01-01-2025
PUFFER-270,12,GER000,01-01-2025
LEGGING-157,9,JAP002,"January 01, 2025"
VNECK-400,5,USa001,2025-01-01
TANKINI-422,15,CAN002,"January 01, 2025"
BLOUSE-418,13,MEX000,"January 01, 2025"
TANKTOP-397,-12,GeR004,01-01-2025
CULOTTE-435,2,GER002,01/01/2025
CULOTTE-235,,USA004,01/01/2025
CULOTTE-135,8,USA003,01-01-2025
PUFFER-019,13,USA000,"January 01, 2025"
HOODIE-189,2,CAN001,01/01/2025
JEANS-303,15,USA001,"January 01, 2025"
WRAP-036,1,FRA001,01/01/2025
TANKTOP-297,4,AUS001,2025-01-01
TROUSER-301,14,ind004,2025-01-01
TANKINI-422,-12,IND001,2025-01-01
A-LINE-145,10,USA004,01/01/2025
SKIRT-103,8,CAN001,2025-01-01
TRENCH-027,1,GER002,01-01-2025
RAINCOAT-386,11,usA004,"January 01, 2025"
TIE-099,15,UK003,"January 01, 2025"
HOODIE-439,9,iND000,01/01/2025
SHIFT-279,10,CAN002,01/01/2025
COAT-262,13,FRA000,"January 01, 2025"
BOARDSH-196,2,UK000,01-01-2025
HAT-317,8,UK004,01/01/2025
DRESS-070,-8,JAP004,
PUFFER-120,3,can004,2025-01-01
SHIRT-210,10,UK003,01-01-2025
JACKET-003,2,USA002,"January 01, 2025"
,13,BRA003,01-01-2025
COAT-011,5,USA001,01/01/2025
SWIM-406,9,GER002,"January 01, 2025"
COVERUP-230,-7,JAp004,01/01/2025
HENLEY-434,5,IND001,"January 01, 2025"
SCARF-117,4,GER002,01/01/2025
TRACK-056,6,MEX003,"January 01, 2025"
COVERUP-230,4,cAn001,"January 01, 2025"
TRENCH-027,13,JAP003,01/01/2025
POLO-226,8,USA004,01-01-2025
DRESS-087,14,Fra003,01-01-2025
SHIFT-179,5,FRA004,2025-01-01
BLOUSE-318,15,JaP004,01/01/2025
SOCKS-141,14,UK002,01/01/2025
COVERUP-230,9,GER002,2025-01-01
SKIRT-085,3,JAP003,01/01/2025
,10,IND002,"January 01, 2025"
PUFFER-370,9,UK000,01/01/2025
POLO-226,3,BRA003,"January 01, 2025"
CAPRI-277,-2,FRA001,"January 01, 2025"
BELT-283,10,MEX003,01/01/2025
TIE-099,2,jap002,01-01-2025
BELT-183,8,UK004,"January 01, 2025"
YOGA-273,15,BRA004,
SCARF-309,13,USA003,2025-01-01
CAPRI-097,15,USA002,01/01/2025
SNEAKER-208,15,MEX001,"January 01, 2025"
SCARF-309,7,UK003,01/01/2025
LOAFER-382,5,USA000,2025-01-01
LEGGING-357,4,MeX003,01-01-2025
LEGGING-157,7,IND002,"January 01, 2025"
PUFFER-170,6,USA000,01/01/2025
TANKTOP-147,2,JAP000,01/01/2025
COAT-011,9,USA003,01/01/2025
VEST-086,10,IND002,2025-01-01
SWIM-096,8,INd003,01-01-2025
HOODIE-439,13,JAP002,2025-01-01
YOGA-323,,CAN001,2025-01-01
POLO-025,-6,MEX000,01/01/2025
BELT-383,10,USA004,2025-01-01
SANDAL-274,13,GER001,01-01-2025
BOOT-216,5,MEX001,01-01-2025
HOODIE-189,12,USA004,01/01/2025
SWIM-306,12,MEX000,01-01-2025
JACKET-354,3,uSA001,01/01/2025
DRESS-155,-6,USA001,2025-01-01
JACKET-354,4,UK003,01-01-2025
LOAFER-232,15,Usa003,01-01-2025
LOAFER-124,6,JAP001,2025-01-01
SUIT-071,8,USA001,01-01-2025
HENLEY-033,5,Can004,2025-01-01
EARRING-109,13,UK001,2025-01-01
JEGGING-243,3,MEX001,01/01/2025
SLIPON-440,15,UK004,01-01-2025
RASHGUARD-063,15,USA004,01/01/2025
SOCKS-040,14,JAP000,01-01-2025
BOOT-316,13,GER002,01/01/2025
JEGGING-293,7,USA004,"January 01, 2025"
SHORTS-131,14,USA002,01/01/2025
ONEPIECE-338,7,BRA003,01/01/2025
DRESS-113,13,JAP000,2025-01-01
SWIM-072,15,inD001,01/01/2025
JACKET-003,1,USA004,2025-01-01
SANDAL-116,7,JAP001,01-01-2025
TANKTOP-147,9,FRA000,"January 01, 2025"
DRESS-070,5,UK003,2025-01-01
PUFFER-170,12,UK001,2025-01-01
SHORTS-030,11,BRA003,
HOODIE-139,8,AUS003,01/01/2025
CAPRI-327,7,cAN003,"January 01, 2025"
RASHGUARD-063,10,inD001,2025-01-01
BOARDSH-146,8,FRA000,2025-01-01
BLOUSE-268,12,caN001,2025-01-01
LEGGING-073,-10,Uk002,01/01/2025
SCARF-259,11,CAN001,01-01-2025
BELT-183,13,GER003,"January 01, 2025"
SLIPON-039,2,Aus000,01/01/2025
SNEAKER-140,9,UK002,"January 01, 2025"
BLOUSE-418,,GEr003,01/01/2025
SWIM-206,15,GER001,01-01-2025
SHIFT-329,,BRA001,01/01/2025
,10,brA002,01/01/2025
BOOT-366,9,UK004,2025-01-01
SHIRT-118,6,Aus002,2025-01-01
SKIRT-269,4,UK004,2025-01-01
CAPRI-026,13,usa003,"January 01, 2025"
SKIRT-269,15,uSA004,
CAPRI-227,5,BRA001,2025-01-01
A-LINE-345,9,CaN003,01/01/2025
HAT-217,8,USA004,2025-01-01
,11,USA001,01/01/2025
TOP-067,12,UK004,"January 01, 2025"
ONEPIECE-188,,UK004,2025-01-01
SHORTS-261,3,USA002,"January 01, 2025"
DRESS-305,13,CAN004,2025-01-01
TRENCH-228,6,USA002,2025-01-01
TROUSER-351,13,uSA002,2025-01-01
TANKINI-372,15,BRA002,01-01-2025
TRENCH-178,-11,GER002,2025-01-01
SHORTS-311,11,GER003,"January 01, 2025"
HOODIE-389,6,CAN001,"January 01, 2025"
BELT-183,-7,USA004,2025-01-01
JEGGING-042,6,CAN001,2025-01-01
TROUSER-351,1,MEX000,"January 01, 2025"
TANKTOP-297,7,USA000,2025-01-01
TSHIRT-102,3,JAP001,01/01/2025
SHORTS-381,2,JAP004,2025-01-01
TRACK-215,13,UK002,"January 01, 2025"
SOCKS-241,8,MEX000,01-01-2025
SHIFT-179,7,Jap001,"January 01, 2025"
SANDAL-424,13,USA000,01/01/2025
SHORTS-431,5,JAP003,01-01-2025
TANKTOP-147,7,IND003,"January 01, 2025"
PUFFER-420,8,MEX000,01-01-2025
LOAFER-282,1,Fra004,2025-01-01
COAT-212,1,USA000,01-01-2025
,7,USA000,"January 01, 2025"
BIKINI-364,-10,BRA001,"January 01, 2025"
GLOVES-225,8,FRA001,"January 01, 2025"
TROUSER-401,-3,BRA004,01-01-2025
SHORTS-030,10,AUS001,01/01/2025
SANDAL-274,12,jaP004,01/01/2025
SHIFT-129,15,,"January 01, 2025"
PARKA-144,8,UK004,01/01/2025
COAT-362,4,UK000,01/01/2025
SUNGLASS-299,12,BRA003,"January 01, 2025"
SOCKS-191,3,MEX000,2025-01-01
GOWN-413,3,UK002,"January 01, 2025"
YOGA-173,9,UK000,01/01/2025
SOCKS-291,13,fra000,01/01/2025
TRENCH-278,1,CAN000,01-01-2025
TROUSER-050,6,FRA004,2025-01-01
MAXI-371,9,BRA000,2025-01-01
FLATS-065,11,MEX001,2025-01-01
TUNIC-342,14,IND001,"January 01, 2025"
COAT-262,11,USA003,"January 01, 2025"
SLIPON-290,10,USA001,2025-01-01
SHIFT-229,10,IND001,01/01/2025
TUNIC-142,9,IND004,"January 01, 2025"
VNECK-200,7,bRA004,01-01-2025
SHIRT-310,8,GER002,01/01/2025
JEANS-052,1,UK003,"January 01, 2025"
SHIRT-360,6,CAN001,"January 01, 2025"
BLOUSE-418,3,UK002,01-01-2025
JEANS-052,3,GER003,01-01-2025
TANKTOP-347,-1,AUS000,"January 01, 2025"
PUFFER-370,,UK000,"January 01, 2025"
WRAP-036,14,,"January 01, 2025"
,11,UK001,01-01-2025
BLOUSE-110,15,USA004,"January 01, 2025"
,14,USA001,01/01/2025
BELT-183,12,,"January 01, 2025"
SHIRT-160,2,FRA004,01-01-2025
HAT-317,10,GER004,01-01-2025
SKIRT-018,2,USA004,01-01-2025
SHIFT-229,2,CAN004,2025-01-01
JACKET-404,13,AUS004,"January 01, 2025"
DRESS-255,6,GER002,01/01/2025
HOODIE-239,2,MEX004,01-01-2025
HENLEY-234,8,MEX004,"January 01, 2025"
BOARDSH-296,-10,USA000,01/01/2025
VNECK-200,9,MeX001,2025-01-01
PARKA-344,14,USA000,2025-01-01
TUNIC-142,1,CAN002,"January 01, 2025"
TANKINI-422,8,AUS000,01/01/2025
SLIPON-240,6,FRA002,01-01-2025
TROUSER-151,4,UK003,01/01/2025
RAINCOAT-186,6,BRA003,"January 01, 2025"
SWIM-114,11,MEX001,01/01/2025
JEANS-403,10,IND003,2025-01-01
,8,UK001,01/01/2025
GOWN-012,14,UK000,01-01-2025
SUNGLASS-199,7,inD001,01-01-2025
CAPRI-026,6,FRA004,2025-01-01
BOOT-057,5,USA003,01-01-2025
GOWN-413,8,UK002,"January 01, 2025"
JEANS-077,1,UK004,01-01-2025
PARKA-144,12,BRA003,2025-01-01
MAXI-371,15,USA000,2025-01-01
HOODIE-289,9,AUS002,"January 01, 2025"
WALLET-083,9,,01-01-2025
TSHIRT-051,13,CAN003,2025-01-01
A-LINE-145,9,JAP003,01-01-2025
BOOT-266,9,GER000,01-01-2025
DRESS-079,2,UK002,2025-01-01
EARRING-075,14,USA002,2025-01-01
COAT-212,2,UK002,2025-01-01
TROUSER-351,,UK000,"January 01, 2025"
SNEAKER-358,14,CAN003,2025-01-01
GLOVES-024,15,AUS001,01/01/2025
SUNDRESS-062,-11,UK000,01-01-2025
SHIRT-059,8,UK003,01/01/2025
LEGGING-357,12,Ind000,"January 01, 2025"
RAINCOAT-436,10,uSa001,"January 01, 2025"
TRACK-215,-11,MEX003,01-01-2025
SHIRT-410,10,aUs001,01/01/2025
SKIRT-369,2,UK004,01-01-2025
LEGGING-207,1,AUS000,01/01/2025
,8,FRA004,"January 01, 2025"
SLIPON-440,7,GER001,2025-01-01
WRAP-387,3,BRA004,01/01/2025
HOODIE-339,11,uK004,2025-01-01
COVERUP-280,13,UK000,01/01/2025
SANDAL-174,14,gER003,01-01-2025
GLOVES-425,-13,AUS001,01-01-2025
,14,CAN004,01/01/2025
DRESS-113,15,CaN004,01-01-2025
RAINCOAT-336,5,USA001,"January 01, 2025"
COAT-362,5,BRA003,2025-01-01
,5,IND004,"January 01, 2025"
GOWN-313,12,GER001,"January 01, 2025"
DRESS-205,9,JAP000,"January 01, 2025"
COAT-112,15,UK000,"January 01, 2025"
SWIM-088,14,USA000,01/01/2025
VNECK-300,,JAP000,"January 01, 2025"
A-LINE-445,13,uSa000,2025-01-01
VNECK-250,13,FRA001,01-01-2025
SHORTS-131,-10,UK004,01-01-2025
PUFFER-220,-1,CAN004,"January 01, 2025"
SWIM-306,13,FRA002,01/01/2025
GOWN-012,10,USA003,01-01-2025
TUNIC-442,12,GER002,01/01/2025
CAPRI-177,15,MEX003,"January 01, 2025"
RASHGUARD-063,-14,BRA001,2025-01-01
SLIPON-390,8,AUS000,01/01/2025
SKIRT-085,4,BRA001,2025-01-01
A-LINE-395,1,GER000,01/01/2025
WRAP-137,15,brA003,01/01/2025
JACKET-104,4,CAN001,"January 01, 2025"
TUNIC-192,14,mex003,01-01-2025
HOODIE-189,8,BRA003,2025-01-01
SOCKS-341,8,bRA004,01/01/2025
LOAFER-332,10,USa004,01-01-2025
SOCKS-291,7,GER003,"January 01, 2025"
DRESS-205,5,BRA003,2025-01-01
WRAP-137,3,IND004,01/01/2025
VNECK-250,-3,can000,01-01-2025
POLO-126,12,MEX000,01-01-2025
PARKA-344,1,AuS000,01-01-2025
SUNGLASS-449,14,JAp000,"January 01, 2025"
TRACK-265,4,CAN004,"January 01, 2025"
COAT-212,3,mex000,01/01/2025
COAT-212,5,FRA000,01-01-2025
A-LINE-395,13,UK000,01/01/2025
BOOT-416,15,UK004,2025-01-01
SHIFT-129,3,BRA001,"January 01, 2025"
GOWN-313,5,USA002,01-01-2025
VNECK-350,9,IND004,01-01-2025
HENLEY-234,2,USA001,01/01/2025
HOODIE-239,4,MEX002,01/01/2025
TRENCH-027,9,IND001,01-01-2025
SLIPON-132,6,GER000,2025-01-01
HEELS-198,8,USA001,01/01/2025
,4,bRA004,"January 01, 2025"
DRESS-079,11,IND001,2025-01-01
SOCKS-391,1,ger000,01/01/2025
TANKINI-172,2,BRA002,
TRENCH-069,4,AUS004,01-01-2025
TANKTOP-397,15,aus001,"January 01, 2025"
PUFFER-270,8,UK001,01-01-2025
TIE-099,8,USA001,"January 01, 2025"
SKIRT-169,-7,UK001,01-01-2025
SKIRT-269,-14,USA001,2025-01-01
CAPRI-327,12,USA003,01/01/2025
ONEPIECE-188,14,BRA000,01-01-2025
SHORTS-281,3,FRA000,01/01/2025
SHIFT-429,15,USA003,01-01-2025
HEELS-448,3,MEX004,"January 01, 2025"
HEELS-398,15,CAN003,"January 01, 2025"
RAINCOAT-386,8,MEX004,2025-01-01
SHORTS-261,11,IND003,2025-01-01
SANDAL-224,13,FRA000,2025-01-01
PUFFER-320,1,JAP002,"January 01, 2025"
JACKET-154,8,MEX004,2025-01-01
,8,CAN000,2025-01-01
RAINCOAT-286,10,MeX004,2025-01-01
SHORTS-331,12,aus001,01-01-2025
A-LINE-245,12,gER001,01/01/2025
JACKET-254,-1,uk000,01-01-2025
PARKA-144,5,USA003,01-01-2025
YOGA-423,13,USA004,01/01/2025
CULOTTE-335,3,UK000,01/01/2025
BIKINI-214,-9,,"January 01, 2025"
SLIPON-039,3,MEX004,"January 01, 2025"
TUNIC-041,2,USA001,01-01-2025
SNEAKER-308,14,Usa003,01-01-2025
JEANS-101,8,JAp001,01-01-2025
SHORTS-231,13,JAP003,01/01/2025
SNEAKER-358,2,AUS001,01/01/2025
BIKINI-164,4,AUS001,01/01/2025
A-LINE-345,10,CAN000,"January 01, 2025"
HOODIE-439,,UK001,01-01-2025
COVERUP-430,15,MEX004,"January 01, 2025"
DRESS-305,5,IND002,01/01/2025
JEGGING-042,-4,IND004,01-01-2025
SLIPON-240,10,JAP002,01/01/2025
SNEAKER-308,11,inD003,
MAXI-221,9,UK001,01/01/2025
TUNIC-142,1,IND000,01-01-2025
PARKA-394,14,USA003,2025-01-01
EARRING-075,14,UK000,"January 01, 2025"
TRACK-215,4,USA002,01-01-2025
BOOT-266,9,uSa002,"January 01, 2025"
TANKTOP-147,-7,uSA004,"January 01, 2025"
TRENCH-328,8,aUS004,01/01/2025
BLOUSE-318,6,USA003,01/01/2025
BLOUSE-268,,UK003,01-01-2025
A-LINE-145,14,UK002,01-01-2025
YOGA-022,10,IND002,01-01-2025
SOCKS-441,15,Uk002,"January 01, 2025"
JEANS-253,3,USA001,2025-01-01
SHIRT-009,1,AUS002,01/01/2025
GOWN-163,13,UK001,2025-01-01
JEANS-303,15,USA004,01/01/2025
HAT-217,7,JaP004,2025-01-01
TANKINI-322,5,InD000,2025-01-01
BLAZER-078,8,BRA000,2025-01-01
DRESS-113,13,JAP002,2025-01-01
DRESS-205,15,JAP003,01-01-2025
VNECK-250,8,JAP004,01/01/2025
SHORTS-030,15,IND002,"January 01, 2025"
PARKA-394,13,BRA001,01-01-2025
HENLEY-434,-4,JAP002,2025-01-01
SHORTS-361,6,IND000,"January 01, 2025"
,15,can003,2025-01-01
,12,CAN001,2025-01-01
SNEAKER-408,7,USA002,2025-01-01
GOWN-363,-14,USA004,"January 01, 2025"
MAXI-171,9,JAP002,01/01/2025
SNEAKER-358,1,UK000,"January 01, 2025"
COVERUP-430,11,BRA003,"January 01, 2025"
SWIM-106,4,BRa002,01/01/2025
SNEAKER-258,9,IND002,01-01-2025
COAT-212,13,AUS001,01-01-2025
,2,AUS003,01/01/2025
LOAFER-382,-10,UK002,01-01-2025
BELT-333,15,FrA002,"January 01, 2025"
A-LINE-345,12,BRA001,01-01-2025
SKIRT-085,15,IND000,01-01-2025
YOGA-123,4,can000,2025-01-01
COVERUP-230,11,JAP001,2025-01-01
BELT-032,-1,BRA001,01-01-2025
SANDAL-023,9,FRA002,2025-01-01
MAXI-121,13,IND003,2025-01-01
SWIM-114,-1,UK003,01/01/2025
TRENCH-178,13,UK004,01/01/2025
BIKINI-164,7,MEX003,2025-01-01
HEELS-298,14,UK001,"January 01, 2025"
SCARF-309,1,UK004,01/01/2025
SKIRT-269,,GER003,"January 01, 2025"
GLOVES-225,4,CAN000,01/01/2025
TUNIC-342,2,uSA000,2025-01-01
SHIFT-129,4,GER003,"January 01, 2025"
DRESS-070,11,JAP004,2025-01-01
SKIRT-103,15,FRA001,01/01/2025
LEGGING-157,13,GER004,
YOGA-173,2,BRA004,01-01-2025
HENLEY-334,15,CAN004,"January 01, 2025"
COVERUP-029,10,MEX000,01-01-2025
TSHIRT-001,10,GeR000,01-01-2025
CULOTTE-285,13,USA001,01-01-2025
EARRING-075,7,JAP002,2025-01-01
JACKET-304,11,Mex004,01/01/2025
BLOUSE-368,10,UK002,01/01/2025
SLIPON-240,6,USA000,2025-01-01
COAT-412,12,,"January 01, 2025"
BELT-333,11,CAN003,"January 01, 2025"
BLOUSE-017,6,Usa002,"January 01, 2025"
HOODIE-239,4,USA001,2025-01-01
POLO-025,7,UK001,01/01/2025
PUFFER-170,9,MEX004,2025-01-01
SHORTS-181,-7,USA002,"January 01, 2025"
,11,BRA004,2025-01-01
BLOUSE-017,9,BRA004,01/01/2025
SHORTS-231,11,CAN000,2025-01-01
COVERUP-130,5,MEX001,"January 01, 2025"
EARRING-075,-14,UK001,"January 01, 2025"
HEELS-047,7,UK003,"January 01, 2025"
SUNGLASS-299,9,FRA000,"January 01, 2025"
LOAFER-332,-6,AUS004,01-01-2025
HOODIE-289,14,AUS002,"January 01, 2025"
TANKINI-322,2,UK000,"January 01, 2025"
JACKET-061,11,UK000,01/01/2025
GOWN-263,8,Usa000,"January 01, 2025"
YOGA-123,3,GER001,01/01/2025
TRACK-056,1,FRA003,01/01/2025
MAXI-221,11,UK003,01/01/2025
JACKET-404,4,meX003,01/01/2025
TUNIC-442,6,UK004,01/01/2025
TSHIRT-252,11,USA004,"January 01, 2025"
TANKTOP-447,11,GER004,01-01-2025
DRESS-070,11,CaN003,01/01/2025
HOODIE-038,-1,IND004,01/01/2025
HEELS-348,6,CAN003,"January 01, 2025"
JEGGING-293,3,IND002,01-01-2025
JACKET-061,6,Aus002,01/01/2025
JACKET-204,3,BRA002,01-01-2025
SCARF-309,,MEX003,01-01-2025
GLOVES-175,6,AUS001,2025-01-01
TANKTOP-347,14,USA003,01-01-2025
SUNGLASS-299,11,UK000,01-01-2025
YOGA-273,10,CAN004,2025-01-01
BELT-133,7,AUS003,01/01/2025
A-LINE-395,2,meX001,01/01/2025
MAXI-421,8,meX002,01-01-2025
JEANS-253,8,USA002,"January 01, 2025"
COAT-162,5,MEX001,01-01-2025
RAINCOAT-186,10,USA004,2025-01-01
SHIRT-084,1,BRA001,01/01/2025
PARKA-444,11,FRA003,01-01-2025
YOGA-373,-6,UK000,01/01/2025
CAPRI-277,9,BRA004,2025-01-01
MULE-074,-3,GER000,2025-01-01
GLOVES-175,4,Ger000,2025-01-01
,15,USA000,"January 01, 2025"
HEELS-448,8,USA001,01/01/2025
SOCKS-341,14,JAP001,2025-01-01
TSHIRT-352,-13,USA002,2025-01-01
LEGGING-407,,USA003,2025-01-01
SOCKS-341,10,JAP004,"January 01, 2025"
WRAP-287,14,IND002,"January 01, 2025"
COVERUP-029,11,BRA002,01-01-2025
COAT-094,13,UsA003,01-01-2025
WRAP-337,8,USA004,"January 01, 2025"
CAPRI-026,11,IND000,2025-01-01
HAT-417,12,USA000,
JEGGING-393,,Uk001,01-01-2025
CAPRI-127,13,GER001,01-01-2025
MAXI-020,2,GER001,01-01-2025
SWIM-072,14,uSa003,2025-01-01
TROUSER-301,15,FRA004,01/01/2025
PUFFER-120,4,JAP004,01/01/2025
WRAP-137,13,AuS000,01-01-2025
HEELS-198,1,AUS002,01/01/2025
TANKTOP-147,-6,JAP000,2025-01-01
TRACK-056,3,AUS002,"January 01, 2025"
POLO-376,6,AUS001,01/01/2025
BLOUSE-168,6,FRA001,01/01/2025
RAINCOAT-136,4,GER003,"January 01, 2025"
JACKET-061,11,AUS000,"January 01, 2025"
LOAFER-124,7,GER004,01-01-2025
SHORTS-281,3,gER004,01-01-2025
DRESS-305,9,MEX001,"January 01, 2025"
A-LINE-044,3,gEr002,01-01-2025
SOCKS-141,4,GER000,01/01/2025
CULOTTE-185,15,UK000,2025-01-01
SOCKS-241,3,USA003,"January 01, 2025"
SNEAKER-090,2,IND004,01-01-2025
JACKET-304,10,USA003,01/01/2025
COVERUP-380,12,inD003,2025-01-01
SANDAL-224,12,GER002,2025-01-01
BIKINI-314,9,MEX003,01-01-2025
SUNGLASS-149,15,uSa002,01/01/2025
JEGGING-143,9,FRA003,01-01-2025
SUNDRESS-062,11,jap001,2025-01-01
SHORTS-181,1,uK000,01-01-2025
PUFFER-320,5,USa004,"January 01, 2025"
TUNIC-292,8,BRA000,2025-01-01
JEANS-153,14,IND000,2025-01-01
SKIRT-085,15,IND000,2025-01-01
TRACK-365,9,CAN001,01/01/2025
VNECK-200,2,FRA003,01-01-2025
SUNGLASS-299,7,,2025-01-01
SCARF-159,14,FRA003,01-01-2025
COAT-362,-2,BRA004,"January 01, 2025"
CULOTTE-335,8,JAP004,01/01/2025
HENLEY-033,-11,FRA003,"January 01, 2025"
A-LINE-445,1,IND003,"January 01, 2025"
TRENCH-128,4,FRA002,"January 01, 2025"
COAT-262,-1,UK003,01-01-2025
LOAFER-432,3,BRA002,2025-01-01
BLOUSE-017,6,AUS001,2025-01-01
TRACK-014,12,AUs002,01-01-2025
TROUSER-201,7,IND002,"January 01, 2025"
SCARF-359,-3,UK002,"January 01, 2025"
VNECK-400,7,USA004,01/01/2025
SANDAL-116,6,IND001,2025-01-01
HAT-417,6,GER004,2025-01-01
BOOT-266,13,BRA003,01/01/2025
LEGGING-357,9,USA003,01-01-2025
POLO-126,8,USA002,01-01-2025
TANKTOP-447,8,JAP000,2025-01-01
A-LINE-445,11,IND001,"January 01, 2025"
GLOVES-375,1,,01-01-2025
SNEAKER-208,2,BRA004,"January 01, 2025"
DRESS-155,13,JaP004,2025-01-01
COAT-112,14,AUS004,2025-01-01
SHIFT-129,4,UK002,"January 01, 2025"
TOP-092,6,UK001,2025-01-01
BELT-032,7,BRA003,01/01/2025
HAT-367,-12,cAN003,01-01-2025
SKIRT-103,6,UK004,"January 01, 2025"
LOAFER-232,8,CAN003,01-01-2025
GOWN-363,12,IND000,01/01/2025
SCARF-359,-9,FRA000,01/01/2025
LEGGING-257,12,USA003,01-01-2025
,11,MEX001,2025-01-01
DRESS-355,6,UK003,"January 01, 2025"
SANDAL-324,1,CAN000,2025-01-01
SHORTS-131,3,JAP004,01-01-2025
BLOUSE-268,-10,CAN000,01/01/2025
YOGA-373,-5,,01-01-2025
TSHIRT-152,2,gEr000,"January 01, 2025"
TRACK-315,11,MEX004,"January 01, 2025"
COVERUP-180,3,MeX000,01/01/2025
TANKTOP-046,11,FRA000,01-01-2025
TROUSER-401,5,JAP004,01/01/2025
SKORT-060,13,UK000,01-01-2025
HENLEY-033,8,USA003,01-01-2025
TRENCH-128,11,USA002,
GOWN-163,9,USA003,"January 01, 2025"
TUNIC-392,10,Can000,01/01/2025
SHIRT-360,-7,uSA000,2025-01-01
JEGGING-293,2,frA002,"January 01, 2025"
TRENCH-069,9,AUS004,01/01/2025
SHIFT-229,1,usA001,"January 01, 2025"
BLOUSE-017,8,USA000,2025-01-01
COAT-412,15,FRA004,01-01-2025
SNEAKER-408,4,IND002,01/01/2025
PARKA-344,2,CAN002,01/01/2025
TANKTOP-197,-3,MEX001,01/01/2025
SPORTSBRA-089,12,UK004,"January 01, 2025"
TANKINI-222,-6,iND001,01/01/2025
JEGGING-193,13,ger004,2025-01-01
CULOTTE-185,13,UK001,"January 01, 2025"
BLOUSE-218,8,GER000,01/01/2025
LEGGING-357,11,IND003,01/01/2025
SHORTS-211,11,UK001,
VNECK-300,-12,BRA001,"January 01, 2025"
SNEAKER-007,3,CAN004,2025-01-01
SUIT-071,10,AUS002,01-01-2025
TOP-067,5,CAN000,2025-01-01
SOCKS-291,14,bRA001,01-01-2025
TANKINI-422,9,CAN002,"January 01, 2025"
COVERUP-180,15,USA003,"January 01, 2025"
HENLEY-434,13,JAP004,01-01-2025
SHIRT-410,3,FRA004,2025-01-01
COAT-412,3,FRA004,"January 01, 2025"
WALLET-083,10,jap001,"January 01, 2025"
LEGGING-207,5,IND001,"January 01, 2025"
JEANS-403,,Mex003,"January 01, 2025"
VNECK-250,7,CAN002,"January 01, 2025"
SWIM-406,3,USA004,01-01-2025
SNEAKER-308,4,UK003,01/01/2025
MAXI-121,14,BRA004,2025-01-01
SANDAL-116,15,Bra000,01-01-2025
SWIM-306,1,UK002,01/01/2025
VNECK-200,3,bra004,"January 01, 2025"
HOODIE-289,12,Uk002,2025-01-01
WRAP-036,10,can002,01/01/2025
TROUSER-401,10,geR002,"January 01, 2025"
JACKET-304,6,MEX004,"January 01, 2025"
CAPRI-327,14,MEX000,"January 01, 2025"
TSHIRT-051,-1,CAN004,01-01-2025
HENLEY-033,10,UK003,"January 01, 2025"
TRACK-056,11,JaP000,"January 01, 2025"
HAT-167,9,MEX001,"January 01, 2025"
SOCKS-191,-14,AUS000,01-01-2025
HEEL-082,12,UK004,01/01/2025
CAPRI-227,6,FRA001,2025-01-01
SHIFT-028,5,IND004,01/01/2025
BOARDSH-045,13,MEX000,01/01/2025
DRESS-355,14,UK004,"January 01, 2025"
TANKTOP-397,12,JaP002,"January 01, 2025"
TUNIC-442,6,MEX004,2025-01-01
SWIM-356,10,USA004,"January 01, 2025"
SHIFT-429,2,usA000,"January 01, 2025"
COAT-053,7,JAp004,01-01-2025
SHIRT-009,5,jap004,01/01/2025
YOGA-173,,mEX004,01-01-2025
LEGGING-073,11,uk003,01-01-2025
SOCKS-441,2,USA004,"January 01, 2025"
JEGGING-193,-9,UK002,01/01/2025
BOOT-266,15,jAp000,2025-01-01
SWIM-072,-12,BRA001,2025-01-01
CULOTTE-235,3,MEX003,2025-01-01
TROUSER-201,8,geR002,01/01/2025
PUFFER-270,15,gER004,01-01-2025
TANKTOP-247,4,Aus002,"January 01, 2025"
BLOUSE-418,11,CAN004,01/01/2025
PARKA-043,,UK001,"January 01, 2025"
TROUSER-301,4,USA000,01/01/2025
TOP-067,14,UK001,01/01/2025
BLOUSE-017,14,MEX004,01-01-2025
,4,brA003,01/01/2025
,6,USA000,2025-01-01
VNECK-150,3,USA002,01/01/2025
SWIM-256,10,MEX002,2025-01-01
HEEL-082,12,AUS000,2025-01-01
SKORT-060,1,UK001,"January 01, 2025"
SLIPON-132,7,USA001,"January 01, 2025"
SHIFT-028,13,AUS004,"January 01, 2025"
TROUSER-151,11,MEX004,01/01/2025
SOCKS-040,1,UK000,"January 01, 2025"
SNEAKER-007,2,bRA000,01/01/2025
POLO-376,,USA000,"January 01, 2025"
YOGA-373,7,FRA002,01/01/2025
SUNGLASS-399,,GER002,01/01/2025
SLIPON-132,9,USA003,01-01-2025
TSHIRT-152,5,MEX001,2025-01-01
HOODIE-139,8,USA002,"January 01, 2025"
TSHIRT-202,-13,CAN000,2025-01-01
SUNGLASS-349,-9,UK003,"January 01, 2025"
BELT-283,14,UK003,01/01/2025
PUFFER-270,15,BRA001,"January 01, 2025"
COVERUP-330,10,USA002,01/01/2025
SHORTS-411,6,BRA003,2025-01-01
SLIPON-340,14,uSa003,"January 01, 2025"
RASHGUARD-063,15,uk001,01/01/2025
HENLEY-284,8,uSa001,01/01/2025
TANKINI-021,8,JAP004,01-01-2025
SNEAKER-208,8,meX003,2025-01-01
ONEPIECE-288,8,USA004,"January 01, 2025"
GLOVES-425,2,gER002,01/01/2025
WRAP-237,15,USA000,"January 01, 2025"
CAPRI-277,2,Usa003,"January 01, 2025"
HEELS-198,7,BRA003,"January 01, 2025"
,8,USA004,01/01/2025
BIKINI-264,2,UK003,"January 01, 2025"
SHIRT-084,12,UK004,2025-01-01
SNEAKER-308,4,USA004,2025-01-01
WRAP-337,5,jap000,01-01-2025
BIKINI-414,1,CAN002,01-01-2025
SWIM-114,13,UK000,2025-01-01
TRACK-415,3,fRa000,01-01-2025
JACKET-104,1,FRA001,2025-01-01
GLOVES-325,-11,GER004,2025-01-01
SOCKS-341,-5,geR001,"January 01, 2025"
RAINCOAT-136,-15,BRA001,01/01/2025
SOCKS-391,8,USA002,"January 01, 2025"
SKIRT-319,7,UK002,"January 01, 2025"
POLO-376,-11,USA001,01-01-2025
HOODIE-289,4,FRA000,01-01-2025
MULE-074,-5,USA001,"January 01, 2025"
SNEAKER-358,15,IND002,01-01-2025
CULOTTE-235,10,BRA002,"January 01, 2025"
WRAP-287,1,FRA000,2025-01-01
TRENCH-228,6,jaP004,2025-01-01
TANKINI-372,12,UK000,01-01-2025
SHORTS-411,2,USA002,01/01/2025
JACKET-204,10,JAP001,
BOARDSH-296,1,BRA003,01-01-2025
SWIM-114,1,USA002,01-01-2025
HOODIE-289,10,USA001,"January 01, 2025"
TUNIC-392,3,JAP002,2025-01-01
PARKA-294,12,CaN001,01-01-2025
SHORTS-010,2,USA003,01/01/2025
WRAP-387,-5,CaN001,01-01-2025
COAT-212,5,GER000,"January 01, 2025"
BLOUSE-268,6,USA003,01-01-2025
SHORTS-030,1,FRa004,2025-01-01
SUNGLASS-299,7,FRa000,"January 01, 2025"
CULOTTE-034,10,UK001,"January 01, 2025"
OXFORD-098,8,IND004,01/01/2025
BIKINI-364,3,BRA001,"January 01, 2025"
SOCKS-391,11,USA003,
SCARF-359,-2,UK004,01-01-2025
WRAP-437,11,bRa004,2025-01-01
DRESS-155,-7,MEX004,"January 01, 2025"
RAINCOAT-386,9,USA003,01/01/2025
SUNDRESS-062,8,JAP003,2025-01-01
,9,USA003,"January 01, 2025"
A-LINE-245,4,FRA003,2025-01-01
A-LINE-345,10,AUS004,2025-01-01
TANKINI-372,8,frA000,"January 01, 2025"
JACKET-404,1,AUS001,2025-01-01
BELT-283,15,mEx002,01-01-2025
ONEPIECE-438,7,BRA001,2025-01-01
PARKA-394,8,CAN000,"January 01, 2025"
SHIFT-129,1,JAP004,01/01/2025
TUNIC-192,3,USA003,01/01/2025
HAT-367,13,UK001,2025-01-01
COVERUP-029,4,AUS001,01/01/2025
COAT-094,5,UK002,01/01/2025
HEEL-082,-8,AUS004,01-01-2025
JEANS-253,15,JAP000,"January 01, 2025"
RAINCOAT-336,8,usA000,01-01-2025
JEGGING-343,10,uk002,01-01-2025
PARKA-294,8,jAp000,01-01-2025
WRAP-187,1,UK003,2025-01-01
SHIRT-084,8,GER003,2025-01-01
TANKTOP-247,8,USa004,01-01-2025
SOCKS-391,-15,JAP004,
SOCKS-040,15,JAP004,"January 01, 2025"
A-LINE-145,6,CAN001,"January 01, 2025"
TSHIRT-302,11,USa001,2025-01-01
GLOVES-275,-8,MEX003,01-01-2025
SWIM-114,12,USA003,2025-01-01
POLO-176,8,BrA003,01-01-2025
SUNGLASS-299,-7,GER001,01-01-2025
HOODIE-289,15,UK001,2025-01-01
GLOVES-425,9,FRA002,01/01/2025
A-LINE-044,5,MEX001,"January 01, 2025"
SHIFT-129,-11,,"January 01, 2025"
BELT-283,6,USA000,"January 01, 2025"
BIKINI-013,13,Ind002,01-01-2025
HEELS-398,14,JAP002,2025-01-01
COAT-011,13,UK001,"January 01, 2025"
HOODIE-139,1,AUS004,
HEELS-198,6,AUS001,2025-01-01
LEGGING-257,12,CaN001,2025-01-01
SANDAL-174,,UK003,01-01-2025
SHIRT-310,7,GER002,01-01-2025
VNECK-250,9,GER003,01-01-2025
BOARDSH-296,,BRA002,01/01/2025
PARKA-344,13,CAN002,01/01/2025
TRENCH-228,4,usa001,01-01-2025
POLO-226,13,INd001,01/01/2025
PUFFER-120,11,AUS003,01/01/2025
COVERUP-230,4,MEX004,01-01-2025
HAT-217,7,CAN004,01-01-2025
SOCKS-341,,USA004,01/01/2025
SLIPON-340,,uK004,01/01/2025
TANKTOP-247,2,aus002,01/01/2025
SNEAKER-090,-12,JaP002,01/01/2025
PUFFER-420,3,UK000,01/01/2025
PARKA-244,9,can002,01/01/2025
COAT-112,7,meX001,01-01-2025
GOWN-263,4,UK000,01/01/2025
CULOTTE-135,13,USA000,01/01/2025
SNEAKER-090,,IND003,2025-01-01
,-10,JAP001,01-01-2025
TSHIRT-402,13,CAN002,01-01-2025
SNEAKER-007,4,JAP000,2025-01-01
A-LINE-044,9,MEX000,"January 01, 2025"
A-LINE-195,15,MEX004,01-01-2025
JACKET-104,9,JAP001,2025-01-01
FLATS-065,14,USA001,01-01-2025
BEANIE-066,2,CAN003,01/01/2025
JEANS-052,13,IND002,01/01/2025
POLO-126,2,MEX004,"January 01, 2025"
HEELS-348,4,GER004,"January 01, 2025"
SHIRT-410,14,,01-01-2025
EARRING-075,14,USA000,01/01/2025
TROUSER-401,15,CAN004,01-01-2025
SHIRT-160,4,UK004,2025-01-01
SNEAKER-090,13,MEX003,2025-01-01
,6,USA002,01/01/2025
,13,JAP000,01/01/2025
BOOT-216,14,UK002,2025-01-01
SNEAKER-308,12,AUS000,01/01/2025
TANKINI-272,9,,01/01/2025
TROUSER-301,1,BRA001,01-01-2025
SHIFT-329,12,FRA003,01/01/2025
SHORTS-231,11,USA003,01/01/2025
SUNGLASS-299,12,USA001,2025-01-01
PARKA-294,2,IND002,01-01-2025
HAT-317,7,AUS002,01-01-2025
DRESS-105,5,JAP001,01/01/2025
TRENCH-378,6,can003,2025-01-01
BOOT-266,1,BRA001,
HEELS-198,13,AUS004,01-01-2025
TRACK-215,11,USA004,01-01-2025
SANDAL-023,14,UK001,01/01/2025
BLAZER-078,12,BRA000,"January 01, 2025"
SLIPON-340,11,Uk000,2025-01-01
ONEPIECE-288,1,IND003,01/01/2025
TANKINI-021,3,UK001,01/01/2025
OXFORD-098,1,UK003,"January 01, 2025"
CULOTTE-435,5,FRA001,01-01-2025
COVERUP-380,4,IND002,01/01/2025
YOGA-173,15,CAN001,01-01-2025
BOOT-366,4,usA004,2025-01-01
SNEAKER-408,14,Fra002,01/01/2025
SLIPON-132,13,UK003,2025-01-01
POLO-376,7,CAN001,01-01-2025
SHORTS-231,5,GER001,2025-01-01
HAT-016,-4,JAP004,"January 01, 2025"
JACKET-003,5,JAP000,01/01/2025
JEANS-052,7,UK002,2025-01-01
SHIRT-210,6,USA001,01/01/2025
JEGGING-042,12,CAN001,01/01/2025
BLOUSE-110,4,,"January 01, 2025"
GOWN-413,15,BRA001,2025-01-01
SHIFT-379,10,GER002,01-01-2025
MULE-074,10,JAP000,"January 01, 2025"
TRACK-315,12,BRA003,01-01-2025
SUNGLASS-399,6,bRA000,01/01/2025
BOARDSH-346,13,IND001,01/01/2025
SLIPON-132,7,USA001,"January 01, 2025"
SNEAKER-158,10,JAP000,2025-01-01
JACKET-354,9,IND002,"January 01, 2025"
MAXI-371,-12,uSA003,"January 01, 2025"
JEANS-253,6,GER002,01-01-2025
CAPRI-427,12,IND003,01/01/2025
HEELS-448,15,GER004,"January 01, 2025"
RAINCOAT-035,12,CAN000,"January 01, 2025"
VNECK-200,-4,FRA000,2025-01-01
BLOUSE-318,15,AuS000,
SPORTSBRA-089,7,JAP002,01/01/2025
RAINCOAT-436,5,UK000,01-01-2025
MAXI-371,9,UK004,2025-01-01
BIKINI-164,-2,MEX000,01/01/2025
JEANS-119,8,MEX003,01/01/2025
SHORTS-361,11,can004,"January 01, 2025"
BLOUSE-168,10,caN004,2025-01-01
MAXI-271,3,AUS002,01/01/2025
JEANS-353,10,IND001,01/01/2025
SUNGLASS-449,7,uSa003,01-01-2025
CULOTTE-135,3,BRA000,2025-01-01
TOP-067,9,BRA003,01/01/2025
RAINCOAT-186,5,BRA004,01/01/2025
TUNIC-142,4,GER001,"January 01, 2025"
SUNGLASS-449,5,USA000,2025-01-01
PANTS-068,13,JAP003,2025-01-01
CULOTTE-385,,mex000,01/01/2025
SLIPON-039,10,USA000,2025-01-01
TANKTOP-046,15,BRA001,"January 01, 2025"
GOWN-413,3,MeX002,"January 01, 2025"
SNEAKER-140,8,USA004,2025-01-01
TANKINI-172,-10,BRA003,"January 01, 2025"
SHORTS-161,13,AUS003,01/01/2025
LOAFER-182,10,USA004,"January 01, 2025"
SCARF-008,4,AuS002,01/01/2025
VNECK-250,2,AUS001,2025-01-01
BLOUSE-318,4,JAP001,01-01-2025
SNEAKER-258,15,USA000,
PARKA-194,1,USA000,2025-01-01
BLOUSE-268,1,UK000,"January 01, 2025"
,3,BRA000,01/01/2025
DRESS-087,8,FRA004,"January 01, 2025"
SWIM-256,9,FRA002,"January 01, 2025"
HAT-217,14,GER000,01/01/2025
CULOTTE-385,15,BRA004,01/01/2025
,-14,IND002,01/01/2025
LEGGING-207,11,USA003,"January 01, 2025"
TRENCH-428,9,CAN003,01-01-2025
SOCKS-191,15,IND004,2025-01-01
HOODIE-139,8,USA000,01/01/2025
BOARDSH-396,15,JAP001,2025-01-01
HEELS-348,-12,AUS001,2025-01-01
GOWN-413,8,GER000,2025-01-01
MAXI-421,4,GER003,01-01-2025
TRACK-265,2,Aus000,
,7,AUS000,01/01/2025
SHIFT-429,7,GER002,"January 01, 2025"
GLOVES-275,15,USA000,01/01/2025
TSHIRT-001,5,GER002,2025-01-01
CAPRI-097,7,USA002,"January 01, 2025"
TUNIC-192,4,AuS004,"January 01, 2025"
TRENCH-128,2,CAN002,01-01-2025
DRESS-070,12,UK003,01-01-2025
TSHIRT-001,4,JAP004,2025-01-01
BELT-283,15,USa000,01/01/2025
ONEPIECE-438,15,JAP002,"January 01, 2025"
,1,USA003,01-01-2025
DRESS-105,15,USA004,01/01/2025
SUIT-071,5,MEX001,"January 01, 2025"
CAPRI-377,5,FRa000,01-01-2025
LEGGING-257,12,mEx000,"January 01, 2025"
WRAP-387,15,GER002,2025-01-01
TROUSER-251,11,UK003,"January 01, 2025"
YOGA-373,13,FRA002,2025-01-01
GOWN-263,3,UK001,2025-01-01
SOCKS-141,8,FRA003,01-01-2025
BLOUSE-110,7,USA002,"January 01, 2025"
POLO-376,10,MEX004,2025-01-01
PARKA-043,6,USA000,01/01/2025
CAPRI-177,11,USA002,01/01/2025
COAT-053,,CAN001,01/01/2025
HOODIE-038,11,CAN003,01/01/2025
JEGGING-243,2,MEX001,
COAT-362,5,FRA001,01/01/2025
TANKTOP-397,13,CAN000,2025-01-01
BLOUSE-110,15,USA001,01-01-2025
HAT-367,15,uK000,2025-01-01
PANTS-068,13,CAN001,01-01-2025
TUNIC-041,6,USA003,2025-01-01
SHORTS-181,9,uK002,2025-01-01
PANTS-068,-1,Bra001,"January 01, 2025"
CULOTTE-435,13,UK002,2025-01-01
SCARF-409,-8,CAN000,01/01/2025
HENLEY-033,15,MEX001,01-01-2025
SLIPON-290,13,BRA002,01-01-2025
HAT-367,4,MEX001,01/01/2025
HENLEY-384,11,BRA001,2025-01-01
SNEAKER-090,15,uSA004,"January 01, 2025"
HOODIE-289,15,jAp001,"January 01, 2025"
SHORTS-311,1,GER002,2025-01-01
SLIPON-132,12,USA000,"January 01, 2025"
HEELS-448,6,GER003,01/01/2025
SHIRT-410,8,mex004,2025-01-01
HOODIE-139,14,JAP000,01-01-2025
LEGGING-073,1,iNd002,2025-01-01
TROUSER-201,12,MEX000,01-01-2025
BOARDSH-446,6,AUS004,"January 01, 2025"
SLIPON-340,7,FRA003,"January 01, 2025"
SLIPON-390,5,GER003,2025-01-01
TROUSER-251,5,USA002,01/01/2025
SHIRT-310,4,BRA004,2025-01-01
JEANS-101,9,FRA002,01/01/2025
DRESS-004,2,uk000,01-01-2025
SCARF-209,10,,01/01/2025
SHORTS-411,7,JAp002,"January 01, 2025"
TROUSER-251,8,inD004,"January 01, 2025"
A-LINE-195,13,GER000,
SUNGLASS-199,12,cAN000,2025-01-01
PUFFER-270,-7,IND001,01-01-2025
LOAFER-382,1,BRA001,"January 01, 2025"
COAT-094,9,,01-01-2025
,12,uSa001,01-01-2025
ONEPIECE-188,-14,UK001,2025-01-01
SCARF-008,14,USA003,"January 01, 2025"
SWIM-055,-8,JAP002,01-01-2025
BELT-183,5,uk004,"January 01, 2025"
JEANS-077,12,MEX001,"January 01, 2025"
BELT-383,14,meX000,"January 01, 2025"
MAXI-171,15,UK000,01-01-2025
FLATS-065,8,MEX003,2025-01-01
SOCKS-391,10,FRA002,2025-01-01
SLIPON-340,4,FRA004,"January 01, 2025"
SHORTS-281,6,UK001,"January 01, 2025"
JACKET-304,2,uSA004,2025-01-01
TRENCH-128,-1,BRA000,2025-01-01
TUNIC-041,9,USA001,01-01-2025
PANTS-068,5,USa002,01/01/2025
GOWN-313,6,USA002,2025-01-01
TRACK-056,14,JAP000,"January 01, 2025"
GLOVES-024,11,USA003,2025-01-01
RAINCOAT-035,1,GeR002,01-01-2025
GLOVES-175,6,Ger003,2025-01-01
TRACK-365,-7,USA004,"January 01, 2025"
BIKINI-013,6,USA004,"January 01, 2025"
MULE-074,3,USA000,01-01-2025
SLIPON-440,8,UK001,01/01/2025
HENLEY-384,10,usA000,2025-01-01
ONEPIECE-338,15,BRA003,2025-01-01
SHIRT-059,14,mEX001,01-01-2025
LOAFER-031,14,FRA002,"January 01, 2025"
SCARF-209,10,,01-01-2025
SHORTS-161,2,FRA002,"January 01, 2025"
HEELS-047,1,UK003,2025-01-01
LEGGING-073,1,BRA000,2025-01-01
COVERUP-430,2,usa001,2025-01-01
JACKET-354,4,IND004,2025-01-01
HEELS-348,9,GER004,01/01/2025
SKIRT-085,15,Usa001,01/01/2025
COAT-053,7,UK004,01-01-2025
BLOUSE-110,14,GER000,2025-01-01
LEGGING-407,7,USA001,01-01-2025
SWIM-306,1,USA004,"January 01, 2025"
SHORTS-093,7,CAN004,01-01-2025
CULOTTE-435,5,UK004,01/01/2025
VNECK-350,1,MEX001,2025-01-01
BOARDSH-396,14,IND002,2025-01-01
COAT-212,-15,USA002,01-01-2025
SKIRT-369,5,IND003,01-01-2025
SUNGLASS-199,11,USA000,"January 01, 2025"
COAT-094,3,CAN004,01/01/2025
SHORTS-431,14,uSa003,01/01/2025
TUNIC-192,3,BRA004,01-01-2025
SLIPON-190,13,UK002,01/01/2025
SCARF-117,13,uSA000,2025-01-01
TROUSER-151,5,BRA001,01/01/2025
SWIM-406,14,IND003,"January 01, 2025"
,6,USA003,01-01-2025
POLO-226,-15,UK001,2025-01-01
SHIFT-429,3,uSA000,
A-LINE-195,14,BrA003,01/01/2025
JACKET-003,10,JAP000,2025-01-01
CULOTTE-185,2,UK000,2025-01-01
DRESS-079,9,JAP004,01-01-2025
LEGGING-006,11,USA003,
WATCH-091,1,uK003,"January 01, 2025"
BELT-032,9,UK002,01/01/2025
TROUSER-401,5,USA001,2025-01-01
SLIPON-190,-9,BRA003,01-01-2025
VNECK-350,8,USA003,2025-01-01
JEANS-303,3,MEX000,01/01/2025
LEGGING-307,6,BRA000,2025-01-01
TROUSER-301,15,USA000,2025-01-01
PANTS-068,9,GER004,01-01-2025
JOGGER-081,5,USA000,01/01/2025
GOWN-413,2,USA001,2025-01-01
ONEPIECE-138,13,UK004,01-01-2025
BLAZER-078,1,BRA003,01/01/2025
JACKET-104,-11,uSA002,2025-01-01
MAXI-321,14,AUS004,2025-01-01
SHIRT-210,-7,BRA002,2025-01-01
MAXI-271,3,USA004,01-01-2025
SOCKS-441,12,USA004,01-01-2025
SOCKS-040,13,AUS000,2025-01-01
HAT-217,12,IND003,01-01-2025
ONEPIECE-288,,BRA001,2025-01-01
COAT-112,9,MEX001,"January 01, 2025"
PARKA-194,10,CAN000,01/01/2025
A-LINE-295,9,USA002,2025-01-01
TRENCH-178,12,UK004,2025-01-01
COAT-262,7,MEx001,2025-01-01
HEELS-198,4,BRA004,01-01-2025
HEEL-082,1,AUS004,01-01-2025
SOCKS-441,-6,BRA003,01/01/2025
SNEAKER-358,8,MEX003,"January 01, 2025"
SOCKS-141,-13,IND004,01-01-2025
BLOUSE-017,11,UK003,01-01-2025
SWIM-206,3,IND000,"January 01, 2025"
MAXI-321,-8,JAP001,01/01/2025
HEELS-148,-10,GER003,01/01/2025
BELT-283,6,MEX000,"January 01, 2025"
,8,UK001,2025-01-01
SKIRT-319,8,AUS004,"January 01, 2025"
VEST-086,1,FRA003,2025-01-01
BIKINI-214,1,MEX004,01-01-2025
COVERUP-230,6,IND004,01/01/2025
SKIRT-085,1,USA002,2025-01-01
SANDAL-274,-10,brA003,"January 01, 2025"
WRAP-387,12,jaP004,01-01-2025
WALLET-083,6,uSA000,01-01-2025
COAT-412,4,AUS003,"January 01, 2025"
,4,IND001,"January 01, 2025"
HAT-267,7,UK001,"January 01, 2025"
SLIPON-390,7,BRA004,"January 01, 2025"
A-LINE-044,5,MEX001,2025-01-01
SHORTS-281,14,,01/01/2025
BOARDSH-246,7,IND003,01-01-2025
SANDAL-374,13,Can000,01/01/2025
JEGGING-042,6,FRA003,2025-01-01
SUNDRESS-062,,GER004,01-01-2025
SKIRT-419,5,AUS001,"January 01, 2025"
DRESS-305,,USA003,01-01-2025
JEGGING-393,9,CAN001,2025-01-01
ONEPIECE-138,,IND002,2025-01-01
DRESS-070,2,JAP003,01-01-2025
SLIPON-390,14,IND002,01/01/2025
PUFFER-420,,bRa001,01/01/2025
TSHIRT-152,6,iND003,01-01-2025
SHORTS-231,3,UK003,01-01-2025
TOP-067,10,USA004,01-01-2025
TRENCH-328,7,JAP001,2025-01-01
RAINCOAT-336,2,CAN000,2025-01-01
PUFFER-420,9,mex001,01-01-2025
HENLEY-234,15,USA000,2025-01-01
PUFFER-420,9,MEX001,"January 01, 2025"
SOCKS-391,14,JAP000,2025-01-01
LEGGING-407,-14,USA004,2025-01-01
GLOVES-375,9,CAN002,01-01-2025
SKIRT-319,7,aUs002,
SOCKS-040,,bra003,01-01-2025
SKIRT-085,-6,mEX004,2025-01-01
SCARF-209,9,USA002,2025-01-01
PARKA-294,15,UK004,01/01/2025
DRESS-405,11,BRA002,"January 01, 2025"
TANKINI-322,3,BRA004,"January 01, 2025"
GLOVES-125,12,bRA004,01-01-2025
BELT-183,14,MEX002,"January 01, 2025"
,2,GER004,"January 01, 2025"
BIKINI-264,11,JaP000,01/01/2025
TANKTOP-447,6,ger002,"January 01, 2025"
PUFFER-420,-10,BRA003,"January 01, 2025"
COAT-162,12,IND003,"January 01, 2025"
BEANIE-066,-12,UK003,"January 01, 2025"
WRAP-287,13,IND002,2025-01-01
TANKTOP-247,4,JAP001,01-01-2025
POLO-276,10,AUS000,01/01/2025
MAXI-020,10,fra000,
ONEPIECE-438,4,CAN004,"January 01, 2025"
BIKINI-314,-8,UK004,"January 01, 2025"
SNEAKER-090,-12,GER001,2025-01-01
TANKINI-422,11,FRA002,01-01-2025
DRESS-095,5,USA001,2025-01-01
GOWN-363,15,AUS004,01-01-2025
HEELS-348,14,BRA004,"January 01, 2025"
BELT-133,9,GER002,"January 01, 2025"
BOOT-366,11,CAN004,"January 01, 2025"
HENLEY-033,3,FRA004,"January 01, 2025"
TUNIC-192,3,JAP001,2025-01-01
TRENCH-228,8,FRA004,2025-01-01
POLO-426,13,gEr002,2025-01-01
MAXI-121,6,UK004,01-01-2025
VNECK-450,13,BRA003,2025-01-01
CAPRI-427,6,UK003,2025-01-01
SHIRT-210,-11,MEX004,"January 01, 2025"
HEEL-082,7,BRA000,2025-01-01
JEANS-119,3,IND001,2025-01-01
HAT-417,1,GER003,2025-01-01
RAINCOAT-386,11,MEX001,01-01-2025
PARKA-194,15,UK000,01/01/2025
PUFFER-120,9,IND000,01-01-2025
VNECK-250,6,fRA003,2025-01-01
WRAP-237,10,USA000,01/01/2025
HEEL-082,14,GER001,2025-01-01
BELT-183,13,UK001,2025-01-01
JEANS-119,13,,2025-01-01
SCARF-117,6,AUS002,01/01/2025
HOODIE-339,13,AUs000,01-01-2025
TROUSER-201,9,gEr002,01/01/2025
RAINCOAT-436,13,USA003,01-01-2025
SHORTS-281,6,UK000,"January 01, 2025"
VNECK-250,3,UK000,01/01/2025
SWIM-356,11,IND002,01-01-2025
TRACK-365,-14,USA002,01-01-2025
HOODIE-038,9,UK004,01-01-2025
SCARF-359,14,GER004,"January 01, 2025"
RAINCOAT-386,7,bra004,01-01-2025
SHIFT-429,7,GER002,2025-01-01
TSHIRT-152,-8,IND001,01-01-2025
TANKTOP-297,11,IND000,"January 01, 2025"
YOGA-022,6,IND004,01/01/2025
CULOTTE-034,-2,bRa002,01/01/2025
MAXI-321,-13,USA000,01/01/2025
TROUSER-401,7,AuS000,"January 01, 2025"
TANKTOP-147,,AUS003,01/01/2025
JEGGING-243,4,auS000,"January 01, 2025"
SUNGLASS-149,7,CAN004,01/01/2025
,12,USA002,"January 01, 2025"
BOARDSH-146,15,UK004,01-01-2025
YOGA-123,8,USA000,"January 01, 2025"
JACKET-204,13,fra001,"January 01, 2025"
TRENCH-428,2,USA003,01-01-2025
BELT-383,1,FRA000,01/01/2025
TRENCH-328,4,CAN004,"January 01, 2025"
RAINCOAT-336,5,FRA002,"January 01, 2025"
YOGA-373,14,FRA002,01/01/2025
HEELS-448,1,GER003,01-01-2025
SOCKS-341,12,CAN001,2025-01-01
SHIFT-429,3,BRA004,01-01-2025
DRESS-070,6,FrA001,"January 01, 2025"
JACKET-354,13,CAN000,2025-01-01
HENLEY-334,11,AUS001,01-01-2025
COVERUP-380,6,MEX000,2025-01-01
PUFFER-220,4,USA001,"January 01, 2025"
TANKTOP-046,4,GER003,2025-01-01
POLO-426,-11,UK003,01/01/2025
LEGGING-073,-1,FRA004,01-01-2025
SOCKS-141,4,mex001,"January 01, 2025"
VNECK-200,14,BRA004,2025-01-01
SHIFT-028,5,AUS000,01/01/2025
SHIRT-160,1,GER002,01/01/2025
JACKET-061,-14,USA004,"January 01, 2025"
HAT-317,13,JAP004,2025-01-01
SHIFT-028,4,GER003,01-01-2025
A-LINE-245,10,usa001,"January 01, 2025"
DRESS-305,10,AUS000,01/01/2025
SHIFT-179,5,MEX001,"January 01, 2025"
BOOT-266,7,JAP000,01/01/2025
BLOUSE-368,8,FRA004,2025-01-01
SOCKS-241,13,AUS002,2025-01-01
TRENCH-428,11,Can002,"January 01, 2025"
JACKET-061,2,USA002,2025-01-01
HAT-217,14,USA003,01/01/2025
A-LINE-245,4,BRA002,01-01-2025
HOODIE-339,1,BRA003,2025-01-01
VNECK-049,,AUS000,"January 01, 2025"
TEE-076,-2,GER003,2025-01-01
WRAP-337,14,JAP001,01/01/2025
SCARF-159,11,FRA004,01/01/2025
HOODIE-389,3,MEX001,
JEANS-353,15,jap004,01-01-2025
SCARF-159,-11,UK000,2025-01-01
VNECK-200,5,USA003,01/01/2025
MULE-074,7,GER000,01/01/2025
SUNGLASS-149,6,AUS000,2025-01-01
HAT-217,3,USA001,"January 01, 2025"
JEGGING-293,10,GER001,01/01/2025
BLOUSE-110,15,AUS004,01-01-2025
BELT-283,2,UK003,01/01/2025
TRACK-014,9,AUS002,2025-01-01
TANKINI-422,7,CAN002,"January 01, 2025"
PANTS-068,8,CAN000,01/01/2025
BELT-133,13,CAN002,"January 01, 2025"
JACKET-254,13,JAP001,01-01-2025
BLOUSE-418,3,UK000,01/01/2025
TANKINI-322,11,AUS004,"January 01, 2025"
DRESS-355,15,ger001,"January 01, 2025"
CULOTTE-435,10,UK004,01-01-2025
LEGGING-157,13,MEX000,01-01-2025
SKIRT-269,3,JAP003,01/01/2025
CAPRI-427,5,USA000,"January 01, 2025"
SHIFT-229,-4,IND000,"January 01, 2025"
TRACK-115,-11,uSa000,2025-01-01
BIKINI-364,13,CAN004,2025-01-01
,6,CAN003,01-01-2025
TSHIRT-202,3,JAP004,2025-01-01
PANTS-068,14,BRA001,"January 01, 2025"
TANKTOP-197,15,FRA000,01-01-2025
BEANIE-066,15,UK003,01-01-2025
SOCKS-191,3,,"January 01, 2025"
BOOT-266,10,CAN003,2025-01-01
TROUSER-050,6,aUs000,2025-01-01
BELT-233,15,Ger000,01-01-2025
TANKTOP-046,12,IND004,01-01-2025
A-LINE-345,1,AUS000,01-01-2025
JEGGING-143,10,MEX003,
SKIRT-169,15,USA002,2025-01-01
TSHIRT-001,5,GER002,"January 01, 2025"
HEELS-047,2,BRA004,2025-01-01
HEELS-248,2,UK003,01/01/2025
WRAP-036,1,MEx004,2025-01-01
A-LINE-245,2,IND000,"January 01, 2025"
PUFFER-170,2,IND002,2025-01-01
SANDAL-116,9,UK000,01/01/2025
SHORTS-431,-5,IND000,2025-01-01
LOAFER-332,11,JaP003,01/01/2025
GLOVES-175,,CAN000,"January 01, 2025"
SWIM-005,12,UK002,01-01-2025
SCARF-117,-12,AUS000,2025-01-01
SPORTSBRA-089,15,UK000,"January 01, 2025"
VEST-086,5,AUS000,
ONEPIECE-438,4,JAP002,"January 01, 2025"
SUNGLASS-249,1,JAP003,2025-01-01
BELT-183,9,FRA001,"January 01, 2025"
CULOTTE-335,12,BRA001,01/01/2025
LEGGING-157,12,GER004,2025-01-01
WRAP-387,4,FRA004,2025-01-01
SHORTS-030,1,UK002,2025-01-01
BELT-283,9,IND003,01-01-2025
HENLEY-134,7,,01/01/2025
BOARDSH-146,6,FRA002,01-01-2025
BELT-333,,IND002,01/01/2025
BELT-032,4,GER002,01/01/2025
CAPRI-377,13,BRA003,2025-01-01
SCARF-117,-6,USA002,"January 01, 2025"
,4,USA004,2025-01-01
VNECK-150,8,UK000,"January 01, 2025"
ONEPIECE-338,-15,BRA003,2025-01-01
RAINCOAT-136,1,MEX004,
SWIM-005,2,BRa002,01-01-2025
SHORTS-111,6,UK002,2025-01-01
VNECK-350,13,MeX001,2025-01-01
TIE-099,5,UK003,2025-01-01
SUNGLASS-399,,AUS000,01-01-2025
SHORTS-411,6,UK003,"January 01, 2025"
SOCKS-141,6,JAP001,01-01-2025
BOOT-015,14,FRA002,"January 01, 2025"
SHIFT-379,9,UK004,01-01-2025
SHORTS-281,5,FrA002,01/01/2025
SNEAKER-358,14,CAN003,01/01/2025
SWEATER-100,7,IND002,"January 01, 2025"
LEGGING-073,14,CAN000,01-01-2025
BIKINI-264,12,CAN003,"January 01, 2025"
SOCKS-391,13,IND004,
SHIFT-279,12,UK003,01/01/2025
MAXI-271,-3,UK002,"January 01, 2025"
SCARF-359,10,BRA001,"January 01, 2025"
JEGGING-193,7,AUS003,2025-01-01
HAT-217,6,JAP000,01/01/2025
BEANIE-066,,UK002,01/01/2025
HENLEY-234,2,CAN002,"January 01, 2025"
SHORTS-311,10,JAP000,2025-01-01
BLOUSE-368,8,MEX004,01/01/2025
BIKINI-364,13,usa002,01/01/2025
COAT-212,3,USA004,"January 01, 2025"
WRAP-237,-2,Ger004,01/01/2025
COVERUP-130,1,IND002,"January 01, 2025"
CAPRI-277,9,,"January 01, 2025"
LOAFER-382,3,BRA001,01/01/2025
SCARF-309,12,BRA000,2025-01-01
HOODIE-239,7,MEX003,"January 01, 2025"
TIE-099,7,UK003,01/01/2025
LEGGING-107,-8,IND003,2025-01-01
DRESS-079,8,aUS004,01-01-2025
A-LINE-345,15,CAN001,01-01-2025
CULOTTE-135,4,uSA001,01-01-2025
BLOUSE-268,1,JAP000,2025-01-01
HAT-317,7,USA003,2025-01-01
SLIPON-190,11,iNd003,"January 01, 2025"
JEGGING-293,4,UK001,2025-01-01
SKIRT-085,12,BRA002,01/01/2025
SHORTS-381,10,,01/01/2025
TROUSER-451,2,GER000,"January 01, 2025"
SOCKS-191,3,USA000,01-01-2025
TRENCH-428,5,UK004,"January 01, 2025"
VNECK-200,11,Bra000,01/01/2025
,7,UK003,"January 01, 2025"
VNECK-200,1,Uk003,01/01/2025
TSHIRT-352,15,BRA002,01/01/2025
JEANS-153,8,UK001,2025-01-01
HEELS-398,15,UK002,"January 01, 2025"
SHIFT-229,2,AUS001,"January 01, 2025"
SWIM-306,8,JAP000,01/01/2025
TUNIC-292,11,IND000,01-01-2025
CAPRI-277,2,GER000,01-01-2025
ONEPIECE-388,5,BRA003,01-01-2025
CULOTTE-385,15,usa004,01/01/2025
WRAP-287,10,CAN000,2025-01-01
TIE-099,10,FRA002,01-01-2025
TANKTOP-297,7,FRA000,2025-01-01
SKIRT-269,13,Usa003,01/01/2025
TANKTOP-297,2,BRA004,01-01-2025
RAINCOAT-436,4,BRA003,2025-01-01
VNECK-150,11,UK000,01/01/2025
CAPRI-026,10,MEX004,01/01/2025
A-LINE-044,4,AUS002,01/01/2025
CULOTTE-335,15,CAN000,01/01/2025
HAT-317,-13,UK002,01-01-2025
LEGGING-257,14,JAP002,01/01/2025
SKIRT-319,5,UK001,2025-01-01
PARKA-244,11,GER000,"January 01, 2025"
PUFFER-170,14,JAP002,"January 01, 2025"
WRAP-337,6,UK003,2025-01-01
GOWN-163,7,usa004,
GOWN-012,8,Usa000,2025-01-01
COAT-011,4,BRA004,2025-01-01
LOAFER-382,10,uk001,"January 01, 2025"
,13,AUS000,"January 01, 2025"
YOGA-173,9,FRA004,01-01-2025
SWIM-080,9,IND004,01-01-2025
A-LINE-395,3,AuS000,01-01-2025
HEELS-148,-8,JAP002,01/01/2025
BAG-058,6,USA000,"January 01, 2025"
POLO-426,5,USA000,01-01-2025
ONEPIECE-037,9,IND002,"January 01, 2025"
JACKET-304,8,AUS004,"January 01, 2025"
TSHIRT-402,13,JAP003,01-01-2025
JEGGING-193,5,USA003,"January 01, 2025"
PUFFER-220,8,GER001,01/01/2025
LEGGING-357,-3,UK002,
TSHIRT-352,2,CAN003,"January 01, 2025"
SANDAL-274,7,GER002,01-01-2025
JACKET-204,2,,"January 01, 2025"
TRACK-056,6,JAP001,01/01/2025
SHIFT-329,11,CAN001,"January 01, 2025"
LEGGING-307,1,,2025-01-01
SUNDRESS-062,,mEx000,01/01/2025
TRACK-215,-9,AUS002,01/01/2025
WATCH-091,9,CAN001,01-01-2025
HOODIE-139,15,UK001,"January 01, 2025"
WRAP-137,3,UsA000,"January 01, 2025"
YOGA-273,7,UK001,01-01-2025
LOAFER-124,7,GER001,01/01/2025
BOARDSH-346,2,BRA002,2025-01-01
TRACK-056,6,UK002,"January 01, 2025"
ONEPIECE-338,10,GER002,"January 01, 2025"
RAINCOAT-336,7,FRA002,"January 01, 2025"
WRAP-437,12,BRA001,01-01-2025
BELT-233,10,ger004,01-01-2025
HEELS-248,14,Uk000,2025-01-01
HOODIE-139,14,BRA003,01-01-2025
SWIM-080,15,USA000,"January 01, 2025"
LEGGING-207,,CaN000,01/01/2025
SHORTS-161,,JAP000,"January 01, 2025"
SCARF-359,-15,UK002,2025-01-01
TANKINI-422,-3,meX004,"January 01, 2025"
BELT-283,3,GER004,01/01/2025
LOAFER-031,-10,UK000,01/01/2025
GOWN-313,12,UK004,"January 01, 2025"
LEGGING-257,,USA001,2025-01-01
SUNGLASS-299,,UK003,2025-01-01
SPORTSBRA-089,8,UK000,2025-01-01
COVERUP-380,9,BRA002,01-01-2025
COAT-011,-4,usa001,01-01-2025
BELT-133,12,USA000,"January 01, 2025"
SLIPON-039,1,FRA003,01-01-2025
COVERUP-230,14,GER002,01-01-2025
CULOTTE-335,13,IND004,2025-01-01
SUNGLASS-399,13,GER002,"January 01, 2025"
HENLEY-134,5,uSA001,"January 01, 2025"
SHIRT-009,3,UK003,2025-01-01
TSHIRT-352,12,FRA000,2025-01-01
TANKTOP-297,15,CAN002,2025-01-01
TIE-099,4,USA001,01/01/2025
WRAP-387,5,GER001,"January 01, 2025"
PARKA-244,8,IND004,01/01/2025
SLIPON-240,9,JAP001,01/01/2025
SANDAL-023,8,USA001,01-01-2025
SHIFT-129,15,USA004,2025-01-01
GOWN-313,10,UK003,01-01-2025
HAT-367,13,AUS003,"January 01, 2025"
SUNGLASS-149,6,USA002,01-01-2025
JEANS-077,14,MEX001,01/01/2025
LOAFER-124,5,MEX004,2025-01-01
COAT-053,14,UK001,2025-01-01
BOARDSH-146,15,USA003,"January 01, 2025"
SOCKS-291,10,BRA003,01/01/2025
SOCKS-391,11,JAP004,2025-01-01
DRESS-355,5,UK001,2025-01-01
CULOTTE-435,8,USA000,
BLOUSE-218,13,GER002,01-01-2025
BIKINI-264,12,CAN000,01-01-2025
HOODIE-389,13,uK000,2025-01-01
BELT-032,4,BRA002,01/01/2025
TANKINI-172,7,IND000,2025-01-01
HAT-267,9,MEx000,01-01-2025
SHIRT-118,7,IND001,01-01-2025
VNECK-200,5,Ger003,"January 01, 2025"
POLO-226,-12,UK000,01-01-2025
SHIRT-260,10,CAN002,01-01-2025
JEANS-119,6,IND000,01/01/2025
TRENCH-428,9,,2025-01-01
POLO-376,14,MEX003,2025-01-01
A-LINE-195,6,jaP000,"January 01, 2025"
DRESS-095,1,BRA004,01-01-2025
OXFORD-098,-14,CAN002,2025-01-01
DRESS-087,8,AUS001,01-01-2025
PARKA-444,1,Uk004,01/01/2025
JEGGING-393,,IND001,01-01-2025
BLOUSE-110,8,UK001,01/01/2025
SNEAKER-208,4,GER002,01-01-2025
MAXI-371,4,USA003,2025-01-01
BAG-058,8,FRa002,"January 01, 2025"
CULOTTE-235,1,UK001,2025-01-01
VNECK-250,3,MEX004,01-01-2025
TANKINI-422,5,cAn004,01-01-2025
TANKINI-272,1,BRA001,01/01/2025
TANKTOP-147,12,fRA001,01-01-2025
SHORTS-381,13,FRA001,"January 01, 2025"
SNEAKER-408,2,BRA003,2025-01-01
SKIRT-269,3,FRA002,2025-01-01
JACKET-354,9,BRA003,01-01-2025
DRESS-095,7,Ind000,01-01-2025
GOWN-263,10,MEx004,01/01/2025
,7,aUS000,2025-01-01
TROUSER-251,11,USA002,01/01/2025
YOGA-123,6,UK003,2025-01-01
FLATS-065,8,USA004,01/01/2025
HAT-167,3,USA004,01-01-2025
SHIRT-310,4,JAP001,"January 01, 2025"
SUNGLASS-199,-3,usa000,01-01-2025
SHORTS-181,13,MEX003,01-01-2025
BOOT-266,11,GER002,"January 01, 2025"
VNECK-400,10,JAP001,2025-01-01
BOARDSH-446,14,UK002,2025-01-01
HEELS-148,7,UK000,
TSHIRT-402,6,IND000,2025-01-01
CAPRI-177,7,FrA002,01-01-2025
SHIFT-028,5,Uk002,"January 01, 2025"
BOOT-015,10,Ger003,01/01/2025
HOODIE-139,5,UK001,"January 01, 2025"
A-LINE-395,4,IND001,"January 01, 2025"
GOWN-263,14,UK004,01/01/2025
CULOTTE-385,12,IND003,2025-01-01
FLATS-065,12,JAP004,"January 01, 2025"
WRAP-437,,MEX000,01/01/2025
LEGGING-207,4,BRA004,"January 01, 2025"
YOGA-323,3,JAP001,"January 01, 2025"
HEELS-298,10,JAP001,"January 01, 2025"
TSHIRT-252,,IND001,2025-01-01
POLO-426,-9,GER002,01/01/2025
TRACK-315,11,CAN002,01-01-2025
JACKET-354,2,MEX001,01/01/2025
SHIFT-379,8,FRA002,"January 01, 2025"
TROUSER-151,-9,geR004,01-01-2025
SUNGLASS-048,7,uK002,01-01-2025
HAT-167,1,FRA001,01-01-2025
LEGGING-157,-2,USA000,2025-01-01
SNEAKER-408,13,BRA001,2025-01-01
SHORTS-311,9,GER000,"January 01, 2025"
SWIM-206,-1,BRA002,01-01-2025
SHIRT-009,12,AUS000,"January 01, 2025"
TRENCH-027,9,JAP001,01/01/2025
SOCKS-291,14,bra004,"January 01, 2025"
LOAFER-282,3,MEX002,"January 01, 2025"
SCARF-309,4,USA001,01/01/2025
WRAP-387,15,Uk002,
SLIPON-290,14,IND000,01/01/2025
SWIM-096,6,USa003,2025-01-01
HEELS-248,-4,Ind004,"January 01, 2025"
HOODIE-139,5,jAp000,2025-01-01
SHORTS-064,4,uk003,01/01/2025
TROUSER-351,2,CAN002,2025-01-01
PUFFER-120,11,GER002,01-01-2025
ONEPIECE-388,7,BRA000,2025-01-01
VNECK-250,-12,fRA001,2025-01-01
HOODIE-189,12,BRA003,01-01-2025
HEELS-047,12,FRA000,2025-01-01
SHORTS-311,2,MEX000,"January 01, 2025"
LEGGING-207,-5,CAN000,2025-01-01
SCARF-117,8,USA002,01-01-2025
TUNIC-192,1,USA004,2025-01-01
JEANS-101,-13,MEX004,01/01/2025
TANKTOP-197,7,GER002,2025-01-01
A-LINE-195,1,BRA000,"January 01, 2025"
SLIPON-132,15,FRA001,2025-01-01
SKIRT-319,3,MeX002,01/01/2025
JEGGING-193,12,CAN000,2025-01-01
EARRING-109,2,CAN003,01/01/2025
TOP-092,3,JAP001,01/01/2025
SWIM-206,15,USA001,01/01/2025
WRAP-387,4,UK003,2025-01-01
SHORTS-261,10,BRA000,01/01/2025
CAPRI-097,-2,IND003,01-01-2025
TSHIRT-352,12,UK004,01/01/2025
SWIM-005,3,IND004,"January 01, 2025"
LEGGING-006,15,JAP001,2025-01-01
CULOTTE-285,10,BRA000,"January 01, 2025"
BIKINI-214,11,CAN001,01-01-2025
SKIRT-219,5,USA003,01-01-2025
SHIFT-229,15,MEX002,01/01/2025
LOAFER-182,13,GER001,2025-01-01
HAT-317,5,USA003,01-01-2025
JEGGING-042,13,AUS001,
GLOVES-175,-9,jaP000,01/01/2025
TROUSER-201,2,GER000,01/01/2025
GLOVES-024,9,AUS003,
BOARDSH-396,9,IND000,01/01/2025
TRENCH-069,13,UK004,01/01/2025
BLOUSE-268,1,uk000,"January 01, 2025"
TRENCH-428,1,UK000,01-01-2025
CULOTTE-135,4,USA000,"January 01, 2025"
LEGGING-107,-6,INd002,2025-01-01
,5,can004,2025-01-01
RAINCOAT-186,5,Ger000,2025-01-01
SWIM-055,2,USA000,01/01/2025
LEGGING-207,2,BRA003,01/01/2025
RAINCOAT-436,3,MEX000,01-01-2025
TRACK-415,15,USA003,"January 01, 2025"
SHORTS-064,4,USA004,"January 01, 2025"
TRENCH-378,3,JAP003,01-01-2025
JEANS-253,8,IND003,"January 01, 2025"
PUFFER-370,1,UK000,"January 01, 2025"
YOGA-123,4,caN002,2025-01-01
HEELS-047,7,MEX004,01-01-2025
PARKA-043,1,,"January 01, 2025"
RASHGUARD-063,,BRA002,"January 01, 2025"
WRAP-036,3,Jap000,01/01/2025
,2,UK002,01/01/2025
SWIM-080,9,fra003,01-01-2025
WRAP-337,5,IND002,01/01/2025
BOOT-366,1,BRA003,01/01/2025
YOGA-273,5,usa002,01/01/2025
HAT-317,6,JAP004,2025-01-01
TRENCH-378,15,JAP002,2025-01-01
COAT-412,15,AUS004,01/01/2025
RAINCOAT-436,-7,UK000,"January 01, 2025"
SWIM-356,15,BRA003,01-01-2025
,14,IND000,01/01/2025
TANKINI-322,4,GER001,"January 01, 2025"
SHORTS-030,14,UK002,2025-01-01
HENLEY-434,14,USA000,01-01-2025
PUFFER-370,-11,USA003,"January 01, 2025"
A-LINE-044,12,FRA003,01-01-2025
SLIPON-132,4,UK001,"January 01, 2025"
DRESS-205,6,AUS000,01/01/2025
SHORTS-281,-13,jap000,01/01/2025
BOARDSH-045,10,CAN003,"January 01, 2025"
SWIM-106,11,AUS000,01/01/2025
SLIPON-290,10,JAP001,2025-01-01
YOGA-223,2,Uk004,01/01/2025
SHORTS-111,-12,AUS002,"January 01, 2025"
BEANIE-066,2,IND002,"January 01, 2025"
,1,BRA003,01/01/2025
LEGGING-207,14,GER000,2025-01-01
HOODIE-389,6,AUS000,01/01/2025
YOGA-022,8,Bra004,2025-01-01
JEGGING-042,12,Uk001,2025-01-01
SHORTS-281,11,JAP001,"January 01, 2025"
COAT-362,7,usA001,01/01/2025
A-LINE-245,9,USA003,2025-01-01
DRESS-105,12,JAP002,01-01-2025
HOODIE-189,12,USA004,01-01-2025
LOAFER-332,3,JAP001,2025-01-01
CULOTTE-235,6,MeX004,
MAXI-371,6,BRA003,01/01/2025
TRENCH-328,11,CAN004,2025-01-01
HAT-317,2,MEX004,2025-01-01
WRAP-036,3,AUS004,01-01-2025
DRESS-095,-1,UK000,01/01/2025
TSHIRT-102,9,JAP004,"January 01, 2025"
TSHIRT-402,7,BRA003,01-01-2025
HENLEY-284,5,UK003,"January 01, 2025"
TSHIRT-102,3,ind002,
YOGA-022,6,UK003,01/01/2025
LOAFER-031,14,BRa000,01-01-2025
BOOT-057,10,USA003,01-01-2025
COVERUP-330,15,,01-01-2025
RAINCOAT-186,3,INd004,01/01/2025
YOGA-123,3,IND002,"January 01, 2025"
SWIM-206,5,USa002,01-01-2025
SWIM-080,5,USA001,01-01-2025
SWIM-114,4,IND004,"January 01, 2025"
BAG-058,9,BRA004,01-01-2025
JEANS-303,5,CAN003,01/01/2025
SNEAKER-140,13,UK001,"January 01, 2025"
HAT-016,14,UK001,01/01/2025
,15,AUS000,01/01/2025
HOODIE-139,15,AUS004,01/01/2025
SHIFT-429,2,GER003,01-01-2025
SLIPON-132,12,AUS004,01/01/2025
BLOUSE-368,3,GER002,01-01-2025
JEGGING-443,-9,JAP001,01/01/2025
GOWN-163,11,iND003,"January 01, 2025"
PUFFER-019,15,,01/01/2025
SHORTS-331,10,USA000,01/01/2025
SLIPON-390,4,usA004,"January 01, 2025"
PARKA-194,-5,CAN000,01/01/2025
WRAP-437,-12,FRA002,01-01-2025
SHIFT-279,-13,USA002,01-01-2025
HOODIE-038,-8,IND002,01/01/2025
LEGGING-307,-1,CAN000,01-01-2025
TUNIC-342,6,MEX001,"January 01, 2025"
SHIRT-410,11,JAP003,"January 01, 2025"
JACKET-003,14,IND002,2025-01-01
BIKINI-164,5,JAP001,2025-01-01
COVERUP-380,-11,CAN001,01-01-2025
TRENCH-278,-11,Uk001,01/01/2025
BLOUSE-318,3,FRA002,01-01-2025
POLO-426,12,MEX001,2025-01-01
CAPRI-097,9,IND003,01/01/2025
COVERUP-330,3,USA003,01/01/2025
LEGGING-073,9,,2025-01-01
CAPRI-227,14,UK000,01/01/2025
SCARF-309,9,MEX002,01-01-2025
SLIPON-039,1,UK001,2025-01-01
JEANS-153,10,USA003,2025-01-01
SHIFT-279,5,USA001,"January 01, 2025"
CULOTTE-385,14,UK001,01-01-2025
HENLEY-134,12,UK001,2025-01-01
SWIM-096,12,MEX000,"January 01, 2025"
TANKINI-322,5,BRA002,01/01/2025
SANDAL-424,6,Usa002,01/01/2025
TANKINI-021,1,IND000,"January 01, 2025"
YOGA-123,6,CAN000,"January 01, 2025"
SNEAKER-308,10,CAN001,2025-01-01
LEGGING-407,12,UK004,01/01/2025
COVERUP-230,11,UK004,2025-01-01
MAXI-271,11,Usa003,"January 01, 2025"
HAT-317,14,uK003,01-01-2025
TSHIRT-051,14,MEX001,01/01/2025
HEELS-448,12,bRA002,01-01-2025
A-LINE-445,-11,MEX001,"January 01, 2025"
MAXI-171,11,GeR003,01-01-2025
CULOTTE-135,15,CAN001,"January 01, 2025"
BOARDSH-196,2,,01-01-2025
DRESS-205,15,USA003,"January 01, 2025"
YOGA-423,7,UK004,01/01/2025
SOCKS-341,8,Ind002,2025-01-01
TSHIRT-352,4,CAN004,2025-01-01
HEELS-448,5,MEX002,2025-01-01
SHORTS-131,14,MEX000,01/01/2025
TRENCH-128,-14,IND002,2025-01-01
BELT-383,12,UK004,01/01/2025
YOGA-273,15,CAN001,"January 01, 2025"
JEANS-077,14,CAn000,2025-01-01
JACKET-061,12,CAN003,"January 01, 2025"
,9,BRA004,2025-01-01
TSHIRT-102,8,Usa002,01-01-2025
COAT-262,,UsA003,01-01-2025
A-LINE-195,8,UK002,01-01-2025
SANDAL-116,13,UK000,"January 01, 2025"
JEGGING-243,7,BRA000,"January 01, 2025"
MAXI-020,8,AUS000,2025-01-01
TRENCH-428,15,Usa002,2025-01-01
VNECK-250,7,JAP004,"January 01, 2025"
BOARDSH-346,11,CAN000,01/01/2025
BIKINI-364,7,USA000,01-01-2025
,3,JAP001,"January 01, 2025"
SHIRT-009,11,MEX003,01-01-2025
SOCKS-391,-14,GER003,2025-01-01
HENLEY-134,2,IND004,01-01-2025
GOWN-413,7,ind004,2025-01-01
RAINCOAT-035,14,GER002,01-01-2025
TRACK-014,11,USA004,"January 01, 2025"
CAPRI-377,11,CAN003,01/01/2025
SKIRT-369,10,UsA003,01/01/2025
TRENCH-278,6,AUS000,2025-01-01
PUFFER-320,15,CAN000,01/01/2025
SHIFT-179,7,caN002,01-01-2025
,-14,BRA000,01-01-2025
SHORTS-161,15,,01/01/2025
HAT-016,13,GER003,01-01-2025
MAXI-221,3,caN000,01-01-2025
TRENCH-027,-15,BRA001,2025-01-01
SCARF-209,-15,AUS003,2025-01-01
SUNGLASS-349,15,FRA001,01-01-2025
JACKET-154,15,CAN001,01-01-2025
TRACK-365,12,MEX002,"January 01, 2025"
HENLEY-184,6,JAP002,01/01/2025
PANTS-068,15,uk000,01/01/2025
LEGGING-407,13,BRA004,01-01-2025
SANDAL-116,10,FRA004,"January 01, 2025"
COAT-112,11,,2025-01-01
SLIPON-440,13,JAp004,01/01/2025
DRESS-405,9,AUS002,01/01/2025
SUNGLASS-048,10,UK002,2025-01-01
SCARF-309,5,USA003,01-01-2025
HEELS-047,9,AUS001,01-01-2025
VNECK-300,3,bRA002,01/01/2025
TANKTOP-247,10,AUS000,"January 01, 2025"
SHIFT-329,3,USA000,2025-01-01
TRACK-014,-2,JAP000,"January 01, 2025"
JACKET-304,4,UK001,01/01/2025
BLOUSE-318,8,BRA001,
SHIFT-229,3,caN004,2025-01-01
JEANS-253,10,IND000,2025-01-01
TRACK-265,7,UK004,"January 01, 2025"
SUNGLASS-299,3,FRA003,"January 01, 2025"
SWIM-114,8,UK000,01-01-2025
YOGA-373,2,USA004,2025-01-01
TROUSER-351,12,AUS004,01-01-2025
SUNGLASS-449,4,JAP001,01-01-2025
LEGGING-407,6,UK001,2025-01-01
SCARF-359,,Fra004,01-01-2025
LOAFER-332,,BRA001,"January 01, 2025"
SHORTS-431,14,AUS000,2025-01-01
VNECK-350,3,FRA004,"January 01, 2025"
BOOT-166,12,,"January 01, 2025"
BIKINI-122,3,AUS004,01/01/2025
HEELS-248,6,GER000,
GOWN-363,9,FRA002,"January 01, 2025"
SKIRT-269,,USA004,"January 01, 2025"
HOODIE-339,2,UK004,"January 01, 2025"
JACKET-104,10,IND004,"January 01, 2025"
SHIRT-118,12,FrA004,01-01-2025
SUNGLASS-299,4,AUS001,2025-01-01
TANKTOP-297,6,USA004,"January 01, 2025"
VNECK-250,8,AUS000,2025-01-01
DRESS-079,6,AUS003,01/01/2025
MAXI-421,11,USA004,"January 01, 2025"
TSHIRT-051,13,UK003,01/01/2025
RAINCOAT-136,12,jAp002,01-01-2025
YOGA-273,7,CaN000,"January 01, 2025"
SHORTS-431,10,UK000,2025-01-01
GOWN-363,12,USA003,01/01/2025
TANKINI-322,13,IND004,01-01-2025
LOAFER-031,8,FRA002,2025-01-01
PUFFER-170,1,MeX004,01-01-2025
LOAFER-432,7,UK002,2025-01-01
VEST-086,8,UK001,01-01-2025
SKORT-060,8,BRA001,01-01-2025
TANKTOP-447,15,JAP004,2025-01-01
TOP-067,-1,JAP002,"January 01, 2025"
JEANS-077,7,MEX003,01/01/2025
VNECK-350,5,,2025-01-01
SHIRT-310,11,USA000,01-01-2025
DRESS-355,5,GER002,2025-01-01
OXFORD-098,7,JAP003,"January 01, 2025"
,15,CAN001,"January 01, 2025"
,-11,JAP000,01/01/2025
SUNGLASS-299,11,uSA002,01-01-2025
HEELS-148,11,GEr002,01/01/2025
JEANS-052,5,USA002,01/01/2025
,14,usa003,01-01-2025
PUFFER-220,13,GER004,01/01/2025
BOOT-266,11,UK003,2025-01-01
PUFFER-220,5,Aus004,2025-01-01
SHORTS-030,6,UK000,"January 01, 2025"
HEELS-248,15,UK003,01-01-2025
BOOT-166,12,UK001,01-01-2025
COAT-362,13,JAP001,2025-01-01
TANKINI-222,15,IND002,01/01/2025
GOWN-413,1,JAP002,01/01/2025
LEGGING-006,13,USA001,"January 01, 2025"
DRESS-070,6,AUS000,"January 01, 2025"
BLOUSE-110,2,CAN002,2025-01-01
LEGGING-207,-8,MEX000,01/01/2025
SUNDRESS-062,12,GER004,"January 01, 2025"
TRACK-115,10,FRA002,01/01/2025
COAT-262,10,UK003,2025-01-01
WRAP-237,13,UK004,2025-01-01
LOAFER-124,8,UK002,2025-01-01
GOWN-163,9,brA000,2025-01-01
TRENCH-378,15,mEX004,01/01/2025
SNEAKER-258,11,MEX004,2025-01-01
LOAFER-232,3,BRA002,01/01/2025
BOOT-266,3,jAP000,"January 01, 2025"
PARKA-294,,FRA002,01/01/2025
CULOTTE-235,10,UK000,2025-01-01
GLOVES-325,7,FRa004,
BIKINI-013,-15,UK000,
SHORTS-381,5,inD002,01/01/2025
SKIRT-269,12,IND003,01-01-2025
BELT-333,-11,IND000,"January 01, 2025"
PUFFER-220,14,CAN001,"January 01, 2025"
MAXI-121,15,AUS004,01-01-2025
JACKET-003,10,USa002,2025-01-01
HOODIE-389,9,USA003,"January 01, 2025"
SWIM-106,9,IND002,01/01/2025
SWIM-114,5,USA002,"January 01, 2025"
GOWN-313,1,UsA002,01/01/2025
SHIFT-028,11,CAN001,2025-01-01
SHORTS-381,8,UK003,"January 01, 2025"
CAPRI-227,2,BRA003,"January 01, 2025"
TUNIC-142,15,GER003,01/01/2025
TUNIC-242,,CAN001,2025-01-01
HAT-167,14,MEX004,01/01/2025
HEELS-148,10,CAN002,01-01-2025
SKIRT-219,5,USA002,01/01/2025
LEGGING-073,13,GER004,01/01/2025
A-LINE-445,7,AUS004,"January 01, 2025"
TRENCH-278,2,JAP001,01-01-2025
SHORTS-064,6,uK003,2025-01-01
TROUSER-401,12,MEX000,01-01-2025
SNEAKER-308,7,InD002,2025-01-01
WATCH-091,11,,01/01/2025
TRENCH-378,13,geR004,2025-01-01
CULOTTE-285,1,USA001,01-01-2025
LEGGING-257,10,GER002,2025-01-01
GOWN-263,2,jaP001,01/01/2025
SOCKS-291,8,USA001,2025-01-01
SKIRT-369,-5,UK000,2025-01-01
HOODIE-139,13,MEX001,"January 01, 2025"
JACKET-061,15,USA004,2025-01-01
SOCKS-141,3,CAN002,"January 01, 2025"
SCARF-359,,JAP004,"January 01, 2025"
SUNGLASS-399,11,USA000,2025-01-01
A-LINE-044,8,CAN001,2025-01-01
MAXI-121,7,GER002,2025-01-01
A-LINE-345,8,geR000,"January 01, 2025"
BLOUSE-268,2,USA003,"January 01, 2025"
HAT-367,6,BRA000,01/01/2025
SHIFT-429,1,JAP004,01-01-2025
SHIRT-118,-2,FRA000,"January 01, 2025"
SNEAKER-258,15,uSa002,01-01-2025
TRENCH-278,-7,AUS000,2025-01-01
SNEAKER-090,8,USA000,2025-01-01
SUNGLASS-199,14,JaP004,01-01-2025
PUFFER-320,9,GER001,01-01-2025
TUNIC-192,8,Ind002,01-01-2025
LOAFER-382,8,jap001,01-01-2025
MAXI-271,7,USA004,01-01-2025
CAPRI-227,7,UsA002,01/01/2025
,6,MEX002,01/01/2025
TROUSER-351,5,UK004,01-01-2025
DRESS-079,13,JAP001,01/01/2025
SHIFT-379,1,usA002,01-01-2025
LEGGING-073,4,CAN002,"January 01, 2025"
VNECK-200,13,BRa001,2025-01-01
HENLEY-033,,USA001,"January 01, 2025"
HAT-417,4,BRA002,"January 01, 2025"
LEGGING-407,5,FRA002,"January 01, 2025"
SANDAL-274,1,GEr003,2025-01-01
PARKA-294,7,UK002,01-01-2025
CAPRI-327,-15,MEX001,
RAINCOAT-186,6,AUS002,2025-01-01
HAT-417,12,JAP000,01/01/2025
JACKET-154,2,CAN001,01-01-2025
BOOT-216,9,MEX004,01-01-2025
COAT-162,2,UK003,01-01-2025
TRACK-415,15,BRA002,2025-01-01
SNEAKER-408,7,Uk002,"January 01, 2025"
JEANS-303,2,USA001,2025-01-01
A-LINE-395,15,AUS001,2025-01-01
MAXI-321,12,AUS001,01/01/2025
TRENCH-178,2,JAP004,01-01-2025
TROUSER-351,11,GER000,01/01/2025
,6,BRA004,01/01/2025
HOODIE-289,5,AUS000,01-01-2025
SUNDRESS-062,15,GER004,"January 01, 2025"
YOGA-423,12,USA000,01/01/2025
WRAP-187,7,IND003,01-01-2025
TRACK-115,7,aus004,"January 01, 2025"
TRACK-365,8,FRA001,"January 01, 2025"
HAT-267,11,fRa003,2025-01-01
PUFFER-270,9,FRA000,01/01/2025
A-LINE-245,10,UK001,"January 01, 2025"
JACKET-104,3,MEX004,01-01-2025
DRESS-155,15,GER003,2025-01-01
BIKINI-214,5,iND002,01-01-2025
HENLEY-234,11,BrA002,01-01-2025
JEANS-353,-13,BRA001,"January 01, 2025"
GLOVES-275,,MEX001,01-01-2025
SWIM-088,8,BRA001,"January 01, 2025"
BOOT-108,8,JAP004,"January 01, 2025"
CULOTTE-285,9,UK004,2025-01-01
SHORTS-131,6,MEX001,01/01/2025
SWIM-206,12,BRA002,01-01-2025
COAT-362,2,USA000,"January 01, 2025"
TROUSER-301,7,,01-01-2025
SHORTS-331,13,JAP002,"January 01, 2025"
SCARF-259,7,AUS001,01/01/2025
CAPRI-177,-11,IND000,"January 01, 2025"
SHIFT-129,7,,"January 01, 2025"
TUNIC-142,7,IND002,01-01-2025
CULOTTE-034,5,JAP001,2025-01-01
BOOT-416,14,Uk002,2025-01-01
BAG-058,9,IND000,"January 01, 2025"
YOGA-373,6,FRA004,2025-01-01
BOOT-316,15,BRA002,2025-01-01
HOODIE-139,7,usa002,01-01-2025
SKIRT-169,5,AUS004,01-01-2025
TANKINI-372,-11,Bra001,
SUNGLASS-048,-8,FRA004,2025-01-01
YOGA-323,6,CAN003,01-01-2025
A-LINE-445,12,USA004,01-01-2025
TUNIC-242,3,auS000,2025-01-01
SHIFT-229,7,CAn002,
SNEAKER-358,1,AUS004,01/01/2025
COAT-212,15,USA002,01-01-2025
COAT-262,12,AUS002,01/01/2025
JEGGING-193,8,FRA004,01/01/2025
BOOT-108,3,Uk001,01-01-2025
JEANS-353,-12,MEX003,01-01-2025
LOAFER-382,2,uSa003,"January 01, 2025"
SWIM-356,7,UK000,01-01-2025
COAT-112,14,JAP000,01/01/2025
PUFFER-120,10,cAN003,01-01-2025
,-8,JAP003,01/01/2025
HEELS-298,7,IND001,01/01/2025
WRAP-036,4,MEX004,01-01-2025
TANKTOP-046,13,JAP001,01-01-2025
PUFFER-270,4,aus001,2025-01-01
TRACK-056,11,IND002,01-01-2025
SWIM-356,13,fRA004,01/01/2025
SANDAL-224,9,USA003,01-01-2025
BOOT-266,5,BRA002,
HOODIE-239,7,AUS002,2025-01-01
SUNGLASS-449,3,CAN000,01/01/2025
DRESS-113,8,UK002,2025-01-01
SHORTS-281,2,USA001,2025-01-01
BOOT-366,11,MEx004,01/01/2025
JACKET-304,10,AUS002,2025-01-01
SPORTSBRA-089,3,CAN002,2025-01-01
SKIRT-018,,CAN002,01-01-2025
,6,UK001,"January 01, 2025"
TRENCH-228,3,jAP004,01-01-2025
JACKET-061,15,,01/01/2025
TRENCH-069,10,UK004,2025-01-01
GLOVES-425,-14,AUS001,"January 01, 2025"
SHORTS-111,,AUS002,2025-01-01
SHORTS-093,3,UK002,2025-01-01
PUFFER-270,6,JAP001,2025-01-01
BOARDSH-146,5,FRA002,01-01-2025
SWIM-206,14,USA002,"January 01, 2025"
DRESS-079,10,USA003,01/01/2025
JEGGING-443,2,GER001,01/01/2025
PARKA-194,-12,usa004,01/01/2025
TANKINI-172,7,IND000,01-01-2025
HOODIE-389,3,UK004,01/01/2025
BIKINI-364,4,AUS003,01-01-2025
COAT-212,10,AUS002,01/01/2025
LOAFER-332,2,CAN004,01-01-2025
VNECK-350,6,UK004,01-01-2025
MAXI-371,8,AUS001,2025-01-01
SPORTSBRA-089,4,AUS004,"January 01, 2025"
SUNGLASS-449,,uSa002,2025-01-01
SHORTS-231,15,USA003,01/01/2025
TROUSER-050,-6,MEX000,01/01/2025
JOGGER-081,15,USA000,01/01/2025
SKORT-060,-8,mEX002,01-01-2025
GOWN-363,11,CAN003,2025-01-01
SHIRT-360,10,cAN001,"January 01, 2025"
BOOT-015,5,JAP000,"January 01, 2025"
HEELS-448,9,AuS000,01/01/2025
BLOUSE-218,-5,USa003,01/01/2025
EARRING-075,12,CAN002,2025-01-01
SNEAKER-158,6,can002,01-01-2025
DRESS-095,3,Uk000,"January 01, 2025"
SHORTS-064,4,uk003,01-01-2025
SHIRT-310,11,USA000,2025-01-01
CAPRI-327,7,IND004,2025-01-01
HAT-367,5,caN004,"January 01, 2025"
TOP-092,12,IND003,2025-01-01
SOCKS-391,13,MEX002,01-01-2025
SHORTS-064,5,USA001,01-01-2025
WRAP-337,-7,UK004,01-01-2025
VNECK-300,9,IND004,2025-01-01
LEGGING-357,10,USA004,2025-01-01
MULE-074,15,JAP000,01-01-2025
SHORTS-181,15,InD004,2025-01-01
COAT-011,7,jAP000,
CULOTTE-135,11,UK003,"January 01, 2025"
MAXI-271,4,AUS004,2025-01-01
TANKTOP-046,-12,ger001,"January 01, 2025"
COAT-053,15,UK004,01-01-2025
HENLEY-384,2,UK001,"January 01, 2025"
TROUSER-201,15,MEX002,01/01/2025
SWIM-096,,FRA002,2025-01-01
SKIRT-269,11,CAN001,01-01-2025
SCARF-159,-12,USA000,01/01/2025
PANTS-068,4,FRA002,01-01-2025
SOCKS-291,6,FRA000,01-01-2025
HAT-016,10,CAN004,"January 01, 2025"
TRENCH-278,3,,01-01-2025
SCARF-409,3,CAN001,"January 01, 2025"
LEGGING-257,9,AUS003,01-01-2025
PUFFER-270,3,BRA004,2025-01-01
BLOUSE-017,15,bRA003,01-01-2025
VNECK-150,13,AUS000,01/01/2025
SWEATER-100,15,GER002,"January 01, 2025"
PANTS-068,6,IND002,01/01/2025
PUFFER-370,5,IND003,01-01-2025
JEANS-203,1,CAN002,"January 01, 2025"
SNEAKER-408,1,IND002,01/01/2025
SWIM-088,3,iND001,"January 01, 2025"
LEGGING-307,9,FRA004,01-01-2025
SHIRT-210,5,MEX003,01-01-2025
PARKA-194,12,BRA000,01/01/2025
HAT-417,1,Jap000,01-01-2025
SCARF-209,3,AUS003,01-01-2025
SNEAKER-208,2,GER004,"January 01, 2025"
CAPRI-097,-14,AUS001,01/01/2025
SUNGLASS-299,3,FRA003,2025-01-01
JEANS-119,-7,inD004,01/01/2025
TRENCH-428,15,JAP001,01-01-2025
COVERUP-430,-11,IND004,01-01-2025
JEGGING-293,5,MEX004,2025-01-01
HEELS-448,8,MEX002,2025-01-01
BLAZER-078,11,CAN002,01-01-2025
HEELS-348,6,JAP001,01/01/2025
PUFFER-019,-14,BRA003,01/01/2025
WRAP-337,1,GER003,01-01-2025
TRACK-365,5,USA000,2025-01-01
SNEAKER-007,14,CAN004,01/01/2025
POLO-276,9,AUS000,01/01/2025
HOODIE-389,14,CAn002,01/01/2025
MAXI-371,3,UK000,2025-01-01
JEGGING-243,6,mEx001,2025-01-01
PUFFER-170,2,AUS002,"January 01, 2025"
SANDAL-174,13,USA004,01/01/2025
TRENCH-328,8,IND004,"January 01, 2025"
SHORTS-131,2,FrA002,01/01/2025
JEGGING-193,9,USA004,01/01/2025
,-9,USa004,01-01-2025
COAT-262,1,BRA003,01-01-2025
MULE-074,2,CAN001,01-01-2025
SLIPON-390,11,AUS001,01-01-2025
GLOVES-125,7,UK003,01-01-2025
CULOTTE-385,3,GER000,01-01-2025
TOP-092,10,USA003,"January 01, 2025"
TSHIRT-152,2,USA004,01/01/2025
,2,BRA004,01/01/2025
SKIRT-085,,USA001,2025-01-01
YOGA-423,13,FRA003,2025-01-01
TRENCH-178,6,jAP001,
HAT-317,7,UK002,01-01-2025
JACKET-154,-10,IND004,01/01/2025
SCARF-359,4,GER004,2025-01-01
GOWN-363,2,usA004,01-01-2025
HEELS-047,,IND001,2025-01-01
JEGGING-042,,UK004,01-01-2025
TUNIC-041,2,uSA000,2025-01-01
BOOT-015,7,uK004,"January 01, 2025"
PUFFER-420,14,AUS004,2025-01-01
POLO-226,-9,USA001,2025-01-01
SHORTS-211,11,UK004,2025-01-01
SHORTS-131,1,IND002,2025-01-01
WRAP-437,2,IND004,01/01/2025
VNECK-450,8,iNd002,2025-01-01
BELT-183,11,UK002,2025-01-01
WRAP-437,11,IND004,01-01-2025
SHORTS-161,15,BRA003,01-01-2025
SHORTS-111,14,UK000,2025-01-01
EARRING-109,12,UK000,01/01/2025
HEELS-248,8,Ger002,01/01/2025
SHIRT-084,,Usa003,"January 01, 2025"
,15,gER000,"January 01, 2025"
CAPRI-127,3,Bra002,01-01-2025
HOODIE-389,-6,AUS000,2025-01-01
JEANS-052,10,AUS000,"January 01, 2025"
SANDAL-116,8,Uk000,01-01-2025
SCARF-259,10,BRA002,01/01/2025
PARKA-294,8,AUS002,01-01-2025
COAT-162,5,JAP004,2025-01-01
TIE-099,11,UK003,"January 01, 2025"
PUFFER-019,15,UK001,"January 01, 2025"
A-LINE-345,1,CAN000,"January 01, 2025"
DRESS-095,7,USA002,01-01-2025
GLOVES-425,7,MEX000,01/01/2025
COVERUP-029,4,AUs002,2025-01-01
BIKINI-013,7,USA000,
GLOVES-275,4,USA003,01/01/2025
BIKINI-364,1,BRA003,01-01-2025
MULE-074,6,GER000,"January 01, 2025"
TANKINI-021,7,IND004,2025-01-01
SANDAL-374,14,UK004,01/01/2025
COAT-362,4,BRA004,01/01/2025
WRAP-287,1,IND002,01-01-2025
BELT-133,1,MEX004,"January 01, 2025"
CULOTTE-235,6,CaN004,"January 01, 2025"
SHIFT-329,1,BRA001,01/01/2025
BIKINI-364,10,UK003,01/01/2025
TANKTOP-397,-8,GER004,01/01/2025
CULOTTE-185,9,JAP002,01/01/2025
BLOUSE-318,-4,AUS002,"January 01, 2025"
HEEL-082,6,GER000,"January 01, 2025"
HOODIE-239,6,Aus002,01-01-2025
JEGGING-243,11,BRA000,2025-01-01
HEELS-448,15,CAN004,"January 01, 2025"
DRESS-113,,IND003,"January 01, 2025"
VNECK-300,15,MEX004,01/01/2025
CULOTTE-285,1,GER000,"January 01, 2025"
JACKET-404,4,USA003,2025-01-01
SNEAKER-007,12,AUS004,01/01/2025
SLIPON-390,-9,JAp004,"January 01, 2025"
PUFFER-220,12,BRA003,01/01/2025
CAPRI-227,5,AUS004,01/01/2025
SKIRT-085,8,mEx004,"January 01, 2025"
ONEPIECE-138,3,IND004,01/01/2025
PUFFER-320,7,BRA001,01-01-2025
YOGA-323,15,BrA002,01/01/2025
VNECK-150,10,UK003,01/01/2025
SWIM-356,2,IND003,"January 01, 2025"
,12,uK004,2025-01-01
GLOVES-225,15,UK002,01/01/2025
HENLEY-384,5,GER003,2025-01-01
SHORTS-111,6,USA000,"January 01, 2025"
GLOVES-375,11,JAP001,"January 01, 2025"
SHORTS-431,7,FRa004,2025-01-01
TRENCH-178,-2,USA000,01/01/2025
TRACK-415,5,UK001,01/01/2025
SWIM-106,15,IND003,01-01-2025
TRENCH-228,13,IND001,2025-01-01
SHORTS-261,-4,GER001,2025-01-01
SKORT-060,10,CAN000,01-01-2025
SUNDRESS-062,14,MEX000,01-01-2025
,-8,FRA000,"January 01, 2025"
POLO-326,7,IND002,"January 01, 2025"
TROUSER-301,2,IND004,01/01/2025
SKIRT-319,5,GER004,01-01-2025
VNECK-300,12,Bra002,2025-01-01
SKIRT-085,10,FRA002,
TROUSER-301,2,UK000,2025-01-01
RAINCOAT-336,15,UK003,01-01-2025
SHORTS-010,8,gER004,2025-01-01
SUNGLASS-349,-12,JAP004,
SANDAL-174,11,GER001,"January 01, 2025"
SHIFT-129,3,USA002,01-01-2025
VNECK-049,7,IND000,01/01/2025
CAPRI-097,8,GER004,"January 01, 2025"
BLOUSE-218,11,uSA003,"January 01, 2025"
HEELS-248,8,bRa000,"January 01, 2025"
JEGGING-243,11,FRA003,"January 01, 2025"
JOGGER-081,3,uk001,01-01-2025
,3,BRA000,2025-01-01
JEGGING-243,12,CAN003,"January 01, 2025"
TSHIRT-252,13,IND000,01-01-2025
TRACK-365,2,BRA004,01-01-2025
BELT-433,5,USA000,2025-01-01
SANDAL-224,13,UK003,"January 01, 2025"
SOCKS-191,7,MEX001,01/01/2025
SUNGLASS-048,1,uSa002,01-01-2025
TUNIC-392,-2,USA000,2025-01-01
SLIPON-190,10,UK003,01-01-2025
YOGA-022,13,CAN004,01/01/2025
WRAP-337,15,CAN001,2025-01-01
TRENCH-378,3,MEX004,01-01-2025
BEANIE-066,3,UK002,01/01/2025
HEELS-198,4,GER004,01-01-2025
CAPRI-097,8,USA002,2025-01-01
GLOVES-175,3,aUs003,01-01-2025
SHORTS-431,-13,usa003,"January 01, 2025"
GOWN-012,7,UK000,01-01-2025
VNECK-150,3,USA004,01-01-2025
SHORTS-261,2,IND003,"January 01, 2025"
HOODIE-339,8,UK003,"January 01, 2025"
GOWN-213,3,UK001,01-01-2025
,10,meX003,2025-01-01
SANDAL-023,3,BRA003,2025-01-01
WRAP-187,10,BRa002,2025-01-01
COVERUP-029,6,FRA000,"January 01, 2025"
SNEAKER-090,9,,"January 01, 2025"
PUFFER-170,2,AUS002,"January 01, 2025"
TROUSER-451,11,UK003,"January 01, 2025"
TRACK-415,4,AUS000,01-01-2025
JACKET-354,-2,USA002,01/01/2025
YOGA-123,-14,JAP002,01/01/2025
LEGGING-407,10,GER002,"January 01, 2025"
BLOUSE-418,-10,UK003,01-01-2025
DRESS-355,8,USA000,"January 01, 2025"
JEGGING-143,9,UK004,01-01-2025
MAXI-421,-14,USA002,01-01-2025
PUFFER-270,6,BRA001,"January 01, 2025"
VNECK-049,7,GER004,"January 01, 2025"
BOOT-316,15,GER002,01-01-2025
TIE-099,6,BRA003,01-01-2025
BELT-283,-13,meX001,2025-01-01
SNEAKER-007,2,Fra000,01/01/2025
HEEL-082,4,Ger004,"January 01, 2025"
TSHIRT-001,14,BRA000,01-01-2025
COAT-011,-13,JAP002,01-01-2025
TROUSER-351,11,BrA004,2025-01-01
A-LINE-345,11,CAN000,
SHIRT-009,8,UK001,01-01-2025
SUIT-071,13,FRA003,2025-01-01
COAT-011,2,BRA004,01-01-2025
TRACK-215,7,UsA002,2025-01-01
,13,FRA003,01/01/2025
HENLEY-334,13,Bra003,2025-01-01
BOOT-057,3,,2025-01-01
CAPRI-277,10,USA004,01-01-2025
HENLEY-284,4,FRA002,2025-01-01
SOCKS-291,7,fRa002,"January 01, 2025"
TRENCH-428,5,USA004,01-01-2025
RAINCOAT-436,6,IND001,"January 01, 2025"
SHIFT-129,9,JAP003,01-01-2025
COAT-362,3,BRA002,01/01/2025
YOGA-273,9,Uk004,2025-01-01
PUFFER-120,12,GER000,"January 01, 2025"
MAXI-421,13,BRA002,2025-01-01
LOAFER-124,8,CAN003,01/01/2025
SOCKS-191,9,FRa000,2025-01-01
GOWN-163,11,USA002,01/01/2025
JACKET-104,8,CAN002,2025-01-01
,13,FRA002,"January 01, 2025"
MAXI-221,7,UK003,01-01-2025
BELT-032,2,IND000,01/01/2025
SKIRT-319,5,IND000,01/01/2025
GOWN-012,6,GER004,2025-01-01
SANDAL-324,-3,UK001,01-01-2025
PUFFER-220,3,JAP000,01-01-2025
TANKINI-172,14,FRA003,2025-01-01
FLATS-065,4,FRA002,2025-01-01
JACKET-304,11,BRA000,"January 01, 2025"
TANKTOP-247,13,IND004,2025-01-01
TOP-092,8,Ind003,"January 01, 2025"
TRENCH-428,9,AUS000,"January 01, 2025"
TANKTOP-197,10,AUS000,"January 01, 2025"
EARRING-075,9,CAN001,01/01/2025
TANKINI-422,13,UK004,01-01-2025
,5,fRA001,01/01/2025
TSHIRT-102,10,InD003,
VNECK-350,2,BRA001,01/01/2025
COAT-162,3,FRA004,01/01/2025
SWIM-106,-12,Ind003,01-01-2025
SHIRT-160,11,USA000,"January 01, 2025"
YOGA-373,14,UK004,01/01/2025
CULOTTE-435,10,BRA004,01-01-2025
SANDAL-274,11,BRA001,01-01-2025
SWIM-055,14,JAP001,01/01/2025
ONEPIECE-238,2,CAN001,2025-01-01
COAT-412,11,,01-01-2025
DRESS-105,9,JAP003,01/01/2025
HAT-417,9,IND002,01/01/2025
HAT-417,5,JaP003,2025-01-01
TRENCH-328,14,Aus001,01-01-2025
A-LINE-345,-2,gEr003,01/01/2025
TANKTOP-046,1,MEX001,01-01-2025
WRAP-437,13,GER001,"January 01, 2025"
JACKET-204,9,IND002,01-01-2025
POLO-376,5,USA001,"January 01, 2025"
SKIRT-269,6,JAP001,01-01-2025
BEANIE-066,10,USA004,2025-01-01
POLO-126,9,USA002,01-01-2025
LEGGING-307,-5,CAN000,2025-01-01
SLIPON-440,12,UK004,01/01/2025
PARKA-043,11,USA001,"January 01, 2025"
SLIPON-039,1,USA002,01/01/2025
PUFFER-320,7,USA004,"January 01, 2025"
TANKTOP-046,14,FRA000,"January 01, 2025"
RAINCOAT-136,10,USA001,"January 01, 2025"
VNECK-400,9,cAn004,2025-01-01
HEELS-047,-14,uSA000,2025-01-01
HEELS-148,11,FRA004,2025-01-01
,12,CAN001,2025-01-01
WRAP-137,7,CAN000,01/01/2025
HAT-016,2,FRA001,01-01-2025
TRACK-115,9,GER004,2025-01-01
TSHIRT-051,12,FRA004,"January 01, 2025"
SUNGLASS-199,6,USA000,01-01-2025
SNEAKER-308,9,USA001,2025-01-01
,13,GER001,"January 01, 2025"
SWIM-256,7,GER003,2025-01-01
LOAFER-031,15,IND004,01/01/2025
HEELS-348,10,IND002,"January 01, 2025"
TSHIRT-051,14,USA002,2025-01-01
SWIM-088,11,mEX001,01-01-2025
SANDAL-116,13,IND002,01-01-2025
VNECK-049,2,JAP003,2025-01-01
TSHIRT-051,7,UK003,2025-01-01
SKIRT-103,8,brA001,01/01/2025
SHORTS-131,,AUS002,01-01-2025
LEGGING-107,10,ind003,01-01-2025
HOODIE-189,3,usa000,2025-01-01
PUFFER-270,4,GER000,"January 01, 2025"
PUFFER-170,5,AUS002,2025-01-01
SHORTS-181,1,JAP001,2025-01-01
A-LINE-445,11,GER001,2025-01-01
,8,FRa003,2025-01-01
TRACK-165,2,IND000,2025-01-01
TUNIC-342,13,GER004,2025-01-01
JACKET-154,5,UK002,2025-01-01
TROUSER-401,11,Jap001,2025-01-01
TRACK-215,-4,AUS000,01/01/2025
CAPRI-127,4,GER001,01/01/2025
TUNIC-142,13,FRA000,01-01-2025
SHIFT-028,5,CAN002,2025-01-01
GOWN-263,2,CAN000,2025-01-01
HENLEY-234,13,GER002,2025-01-01
BELT-233,14,USA004,01-01-2025
LOAFER-124,10,AUS002,01/01/2025
SNEAKER-158,2,BRA001,01-01-2025
WRAP-287,9,meX001,"January 01, 2025"
TUNIC-392,13,CAN001,"January 01, 2025"
HEELS-248,7,GER000,01/01/2025
CAPRI-427,13,AUS001,2025-01-01
TANKINI-322,12,inD002,"January 01, 2025"
VNECK-300,5,,"January 01, 2025"
RAINCOAT-386,13,USA003,01/01/2025
SANDAL-374,13,USA004,01-01-2025
LOAFER-382,10,USA003,01-01-2025
SOCKS-141,15,fRA003,2025-01-01
BLOUSE-368,9,JAP001,01-01-2025
HEELS-298,14,GeR004,01-01-2025
TROUSER-201,11,jaP001,2025-01-01
HEELS-398,14,,01-01-2025
A-LINE-345,-2,USA000,"January 01, 2025"
GLOVES-125,3,CAN001,01-01-2025
GOWN-163,-12,CAN002,01-01-2025
SCARF-309,-8,CAN000,01-01-2025
HEELS-248,14,JAP004,01/01/2025
TRACK-165,8,AUS002,"January 01, 2025"
A-LINE-445,8,UK002,01-01-2025
WRAP-137,3,fRA002,01/01/2025
SHIRT-260,14,GER001,2025-01-01
SLIPON-340,12,UK004,2025-01-01
SCARF-409,7,MEX000,2025-01-01
HAT-417,9,CAN004,01/01/2025
MAXI-421,15,CAN001,2025-01-01
WRAP-036,4,USA002,"January 01, 2025"
TROUSER-050,7,ind002,"January 01, 2025"
SANDAL-374,1,UK000,2025-01-01
SWIM-055,-9,MEX001,01/01/2025
SHORTS-361,14,UK002,01-01-2025
LOAFER-124,14,UK002,01-01-2025
DRESS-155,2,USA000,01/01/2025
COAT-362,10,UK000,2025-01-01
TRACK-415,8,,01/01/2025
BOOT-316,1,BRA001,"January 01, 2025"
HAT-417,-8,AUS002,01/01/2025
SOCKS-291,10,FrA001,01/01/2025
SHORTS-181,8,BRA003,"January 01, 2025"
HOODIE-139,4,UK004,"January 01, 2025"
HOODIE-139,5,AUS004,01-01-2025
PARKA-394,2,FRA000,2025-01-01
PUFFER-320,6,can000,2025-01-01
WRAP-287,14,FRA004,
CULOTTE-185,,uSA001,2025-01-01
,10,JAP003,2025-01-01
LEGGING-107,8,MEX000,01/01/2025
JACKET-003,8,UK003,01/01/2025
HEELS-198,10,USA000,2025-01-01
VNECK-350,5,USA003,01/01/2025
BOOT-266,-14,FRA002,2025-01-01
GOWN-163,15,GER004,"January 01, 2025"
VNECK-350,7,JAP003,"January 01, 2025"
CULOTTE-435,-15,UK002,"January 01, 2025"
TRENCH-128,7,,01/01/2025
GLOVES-175,4,IND001,2025-01-01
BOARDSH-246,,Bra001,2025-01-01
TRENCH-378,5,AUS002,
SOCKS-441,11,BRA002,2025-01-01
SWIM-106,7,BRA003,01/01/2025
EARRING-109,4,UK000,01/01/2025
COAT-412,11,FRA004,01-01-2025
HOODIE-239,-3,UK004,2025-01-01
TRENCH-428,8,UK002,"January 01, 2025"
COAT-412,14,UK004,01-01-2025
SKIRT-169,14,MEX004,01-01-2025
GLOVES-024,7,BRA000,01-01-2025
SANDAL-324,-7,UK004,2025-01-01
SNEAKER-158,15,MEX004,"January 01, 2025"
JEANS-403,-4,FRA001,01/01/2025
CAPRI-227,5,USa000,01-01-2025
JEANS-101,2,UK003,01-01-2025
BEANIE-066,7,IND001,01/01/2025
FLATS-065,14,UK001,01-01-2025
ONEPIECE-288,5,BRA000,"January 01, 2025"
A-LINE-245,14,GER000,01/01/2025
GLOVES-375,5,FRA004,01-01-2025
TRENCH-378,7,USA003,01/01/2025
POLO-276,3,MEX003,2025-01-01
SANDAL-023,12,MEX001,2025-01-01
LOAFER-182,11,CAN004,"January 01, 2025"
HOODIE-289,-14,UK001,2025-01-01
TIE-099,12,AuS004,"January 01, 2025"
JACKET-254,12,JAP001,01/01/2025
HOODIE-439,12,AUS001,"January 01, 2025"
JACKET-304,8,Uk000,01/01/2025
TANKTOP-347,1,IND004,"January 01, 2025"
JACKET-404,2,FRA001,"January 01, 2025"
TRENCH-328,5,IND002,01/01/2025
A-LINE-044,9,FRA001,2025-01-01
VNECK-300,4,BRa002,01-01-2025
PARKA-294,5,,01/01/2025
YOGA-273,,BRA000,"January 01, 2025"
TSHIRT-051,10,AUS004,01-01-2025
SHORTS-181,-10,uK000,01-01-2025
DRESS-004,1,JAP001,2025-01-01
TROUSER-301,-8,USA003,2025-01-01
JEANS-353,8,JAP001,"January 01, 2025"
SHIFT-129,-1,MEX002,01-01-2025
JACKET-204,,GER003,01/01/2025
HEELS-198,14,AUS001,2025-01-01
SKIRT-269,1,UK003,2025-01-01
HEELS-398,8,USA003,01-01-2025
YOGA-273,2,UK001,01-01-2025
SANDAL-274,3,USA003,01-01-2025
PARKA-444,6,UK003,01/01/2025
BIKINI-264,13,MEX001,01-01-2025
SLIPON-290,15,MEX002,2025-01-01
SANDAL-374,15,GER003,
SHORTS-381,11,UK003,"January 01, 2025"
WATCH-091,8,JAP000,
JEGGING-343,2,CAN000,"January 01, 2025"
JEANS-403,3,JAP004,"January 01, 2025"
PUFFER-420,-12,Fra004,01/01/2025
LEGGING-107,15,MEX002,01-01-2025
COAT-212,11,USA000,01-01-2025
TROUSER-151,4,IND002,01/01/2025
LEGGING-257,4,USA001,"January 01, 2025"
LEGGING-407,12,BRA004,01/01/2025
COAT-011,-8,UK000,"January 01, 2025"
TANKINI-372,9,UK000,01-01-2025
SANDAL-374,13,MEX002,"January 01, 2025"
TEE-076,15,USA004,01/01/2025
SWIM-356,14,USA004,01/01/2025
TROUSER-251,9,uK001,01/01/2025
BELT-283,10,USA004,"January 01, 2025"
LEGGING-207,4,uK004,2025-01-01
JACKET-404,11,uSa000,01-01-2025
SOCKS-391,11,UK000,2025-01-01
CAPRI-327,5,IND002,01/01/2025
TRACK-056,11,IND002,2025-01-01
JEGGING-343,8,usA004,2025-01-01
BOOT-108,14,uk001,2025-01-01
TSHIRT-001,3,UK001,2025-01-01
GLOVES-125,3,BRA000,01/01/2025
SNEAKER-090,8,FRA004,2025-01-01
CAPRI-427,14,FRA002,01-01-2025
SOCKS-291,13,iNd002,01/01/2025
LOAFER-124,,Ind000,2025-01-01
HEELS-348,3,InD002,"January 01, 2025"
COAT-162,4,uK003,2025-01-01
PANTS-068,-7,CAN001,01-01-2025
BOARDSH-396,10,BRA001,01-01-2025
VNECK-300,1,fRa002,01-01-2025
COVERUP-430,6,JAP003,2025-01-01
HENLEY-033,14,,2025-01-01
HAT-417,4,BRA001,01/01/2025
HENLEY-384,1,GER001,"January 01, 2025"
EARRING-075,5,Fra004,2025-01-01
TRACK-014,1,USA000,01-01-2025
SHORTS-431,11,aUS004,01-01-2025
BOARDSH-396,13,FRA003,"January 01, 2025"
TRACK-115,10,AUS002,01/01/2025
SWIM-406,3,IND003,2025-01-01
GLOVES-425,10,GER004,2025-01-01
HOODIE-289,3,GER004,2025-01-01
TROUSER-351,13,GER004,2025-01-01
BIKINI-414,12,BRA004,01/01/2025
TUNIC-292,1,mEx000,01/01/2025
MAXI-020,6,MEX004,"January 01, 2025"
SKIRT-103,8,IND003,2025-01-01
TSHIRT-152,10,USA003,01-01-2025
TRENCH-069,9,CAN000,01/01/2025
JOGGER-081,8,IND002,01/01/2025
JEANS-052,4,USA002,2025-01-01
TRENCH-228,10,USA002,2025-01-01
DRESS-079,11,USA002,01-01-2025
BELT-133,14,UK000,01-01-2025
BIKINI-264,8,JAP000,"January 01, 2025"
TROUSER-451,1,JAP002,01/01/2025
ONEPIECE-238,4,JAP001,2025-01-01
SWIM-080,11,FRA002,"January 01, 2025"
SUNGLASS-048,4,UK004,2025-01-01
COVERUP-380,5,INd003,2025-01-01
COAT-312,14,USA002,01/01/2025
SLIPON-132,13,MEX004,01-01-2025
HEELS-448,8,BRA001,01-01-2025
SHIRT-360,7,GER000,01/01/2025
CAPRI-277,4,AUS000,01-01-2025
BEANIE-066,11,USA002,01/01/2025
ONEPIECE-388,1,GER002,01/01/2025
SOCKS-241,8,aUS004,"January 01, 2025"
BEANIE-066,9,UK001,"January 01, 2025"
VNECK-350,1,Aus004,01-01-2025
HEELS-248,11,JAP000,01/01/2025
CULOTTE-385,14,MEX001,2025-01-01
BOOT-108,-7,iNd003,01/01/2025
TANKINI-422,1,CAN002,01-01-2025
LEGGING-257,5,MEX000,2025-01-01
COAT-262,1,JAP004,2025-01-01
SHORTS-093,-2,CAN004,01-01-2025
TANKTOP-397,11,FRA002,01/01/2025
ONEPIECE-138,4,MEX001,2025-01-01
SKIRT-219,10,geR002,01-01-2025
LEGGING-006,7,UK002,2025-01-01
JEANS-002,5,ger000,01/01/2025
YOGA-223,-7,uk004,01-01-2025
JACKET-404,3,CAn000,"January 01, 2025"
TSHIRT-001,8,USA000,01-01-2025
HEELS-298,10,gER004,01/01/2025
SANDAL-174,3,uSa004,01/01/2025
SWIM-088,-6,UK000,2025-01-01
HAT-367,2,USA000,2025-01-01
LEGGING-407,12,AUS002,2025-01-01
COAT-011,4,FRA002,01-01-2025
TANKINI-372,15,FRA000,"January 01, 2025"
COAT-011,9,USA001,"January 01, 2025"
MAXI-020,-15,AUS000,
COAT-362,6,ind002,01-01-2025
MAXI-121,10,IND003,01/01/2025
JEANS-052,12,AUS000,01/01/2025
SANDAL-424,15,AUS004,"January 01, 2025"
BOOT-166,-2,BRA000,01-01-2025
BIKINI-314,14,USA002,01-01-2025
TRACK-315,15,GER000,2025-01-01
SNEAKER-090,13,UK002,"January 01, 2025"
SNEAKER-258,9,FRA002,01/01/2025
LEGGING-207,,CAN002,2025-01-01
COVERUP-430,3,MEX000,01/01/2025
TANKTOP-197,2,uk003,2025-01-01
BLOUSE-318,8,USA003,01-01-2025
SHIRT-084,,uk004,2025-01-01
YOGA-173,10,ger002,01-01-2025
BIKINI-314,9,uSa002,2025-01-01
POLO-326,13,GER001,
TUNIC-442,11,USA003,01-01-2025
HAT-167,5,CAN001,01/01/2025
COVERUP-330,-9,uSA003,01-01-2025
BIKINI-013,3,BRA002,01-01-2025
SNEAKER-158,-13,GER002,"January 01, 2025"
COAT-162,2,MEX004,01/01/2025
DRESS-255,8,BRA002,01/01/2025
HENLEY-234,2,GER003,"January 01, 2025"
YOGA-223,8,BRA001,"January 01, 2025"
BOOT-108,-11,USA000,01/01/2025
SHIFT-028,8,USA004,01/01/2025
SWIM-106,8,MEX004,01/01/2025
BIKINI-164,7,BRA004,2025-01-01
HENLEY-033,1,Ger002,01/01/2025
PARKA-194,1,USA002,2025-01-01
TRACK-115,6,usA000,
TROUSER-351,4,uk003,
CAPRI-177,8,JAP001,2025-01-01
SWIM-080,10,Uk003,01/01/2025
TUNIC-142,15,Aus000,01-01-2025
VEST-086,10,BRA003,2025-01-01
SHORTS-231,9,JAP001,01-01-2025
SHIFT-028,13,GER004,01/01/2025
PUFFER-019,4,UK003,01-01-2025
TSHIRT-302,7,GER000,"January 01, 2025"
JEANS-403,11,JAP002,"January 01, 2025"
GOWN-213,4,Aus001,"January 01, 2025"
SCARF-209,-8,JAP003,2025-01-01
TANKTOP-046,-2,GER004,01-01-2025
PUFFER-320,5,USA003,01-01-2025
CULOTTE-385,-2,BRA001,01-01-2025
HAT-167,13,CAN003,01-01-2025
HENLEY-284,4,UK003,01-01-2025
,7,InD004,01-01-2025
MAXI-321,11,AUS002,01/01/2025
YOGA-022,15,UK003,01/01/2025
SUNGLASS-299,6,UK001,01/01/2025
GLOVES-375,9,CAN004,"January 01, 2025"
GLOVES-125,9,USA001,"January 01, 2025"
LEGGING-073,2,USA002,01-01-2025
RAINCOAT-436,,INd001,01/01/2025
CAPRI-026,8,aUs004,2025-01-01
PUFFER-320,11,CAN004,"January 01, 2025"
SHORTS-131,,CAN001,01/01/2025
CAPRI-026,15,USA004,"January 01, 2025"
SHIFT-028,5,FRA000,01-01-2025
HEELS-398,1,GER001,2025-01-01
BOOT-366,1,Can004,2025-01-01
BLOUSE-268,12,USA000,2025-01-01
WRAP-187,7,BRA004,2025-01-01
COVERUP-180,-10,GER002,01/01/2025
SPORTSBRA-089,-4,UK003,"January 01, 2025"
,8,USA000,"January 01, 2025"
,7,UK004,2025-01-01
SNEAKER-208,14,AUS000,2025-01-01
BELT-233,9,BRA004,01/01/2025
CULOTTE-435,-9,USa002,01/01/2025
SANDAL-274,14,AUS000,"January 01, 2025"
,6,GER000,2025-01-01
SOCKS-441,-9,IND004,01-01-2025
HENLEY-134,2,FRA001,"January 01, 2025"
MAXI-221,4,FRA002,2025-01-01
RAINCOAT-236,12,JAP002,
HOODIE-289,7,gEr004,01/01/2025
SKIRT-103,6,UK004,2025-01-01
ONEPIECE-338,6,GER002,2025-01-01
JACKET-254,6,USA000,01-01-2025
BEANIE-066,3,USA002,01-01-2025
YOGA-373,7,uk003,01/01/2025
A-LINE-395,4,FRA004,"January 01, 2025"
TANKTOP-297,1,IND002,01-01-2025
HENLEY-284,-4,CAN002,01/01/2025
LOAFER-124,1,GER001,"January 01, 2025"
HEELS-298,13,FRA003,01-01-2025
VNECK-200,13,IND002,2025-01-01
PARKA-144,10,BRA003,"January 01, 2025"
TOP-092,11,FrA000,01/01/2025
GLOVES-375,2,CAN000,01-01-2025
SLIPON-039,15,BRA001,2025-01-01
BELT-133,1,Uk000,"January 01, 2025"
MAXI-371,6,USA004,01/01/2025
PUFFER-370,6,FRA004,01-01-2025
SHORTS-381,2,UK003,2025-01-01
POLO-126,2,UK000,01-01-2025
JACKET-104,9,CAN001,"January 01, 2025"
SHIFT-329,14,CAn001,01/01/2025
CULOTTE-335,-7,Jap004,01-01-2025
